date,left,right,eligible,left_count,right_count,shared,left_share,right_share,jaccard,random_expected
2024-03-31,Ridge,MLP,4548,455,455,215,0.4725274725274725,0.4725274725274725,0.30935251798561153,45.52000879507476
2024-03-31,Ridge,Low equity/assets,4548,455,455,147,0.3230769230769231,0.3230769230769231,0.1926605504587156,45.52000879507476
2024-03-31,Ridge,Largest deposits,4548,455,455,12,0.026373626373626374,0.026373626373626374,0.013363028953229399,45.52000879507476
2024-03-31,Ridge,PCA,4548,455,455,87,0.1912087912087912,0.1912087912087912,0.10571081409477522,45.52000879507476
2024-03-31,Ridge,Isolation Forest 42,4548,455,455,217,0.47692307692307695,0.47692307692307695,0.31313131313131315,45.52000879507476
2024-03-31,Ridge,Isolation Forest 7,4548,455,455,190,0.4175824175824176,0.4175824175824176,0.2638888888888889,45.52000879507476
2024-03-31,Ridge,Isolation Forest 99,4548,455,455,185,0.4065934065934066,0.4065934065934066,0.25517241379310346,45.52000879507476
2024-03-31,Ridge,Autoencoder 42,4548,455,455,98,0.2153846153846154,0.2153846153846154,0.1206896551724138,45.52000879507476
2024-03-31,Ridge,Autoencoder 7,4548,455,455,121,0.26593406593406593,0.26593406593406593,0.15335868187579213,45.52000879507476
2024-03-31,Ridge,Autoencoder 99,4548,455,455,91,0.2,0.2,0.1111111111111111,45.52000879507476
2024-03-31,Ridge,PCA without size,4548,455,455,84,0.18461538461538463,0.18461538461538463,0.1016949152542373,45.52000879507476
2024-03-31,Ridge,Isolation Forest 42 without size,4548,455,455,251,0.5516483516483517,0.5516483516483517,0.38088012139605465,45.52000879507476
2024-03-31,Ridge,Isolation Forest 7 without size,4548,455,455,257,0.5648351648351648,0.5648351648351648,0.39356814701378257,45.52000879507476
2024-03-31,Ridge,Isolation Forest 99 without size,4548,455,455,239,0.5252747252747253,0.5252747252747253,0.3561847988077496,45.52000879507476
2024-03-31,Ridge,Autoencoder 42 without size,4548,455,455,110,0.24175824175824176,0.24175824175824176,0.1375,45.52000879507476
2024-03-31,Ridge,Autoencoder 7 without size,4548,455,455,124,0.2725274725274725,0.2725274725274725,0.15776081424936386,45.52000879507476
2024-03-31,Ridge,Autoencoder 99 without size,4548,455,455,132,0.29010989010989013,0.29010989010989013,0.16966580976863754,45.52000879507476
2024-03-31,MLP,Low equity/assets,4548,455,455,163,0.35824175824175825,0.35824175824175825,0.2182061579651941,45.52000879507476
2024-03-31,MLP,Largest deposits,4548,455,455,15,0.03296703296703297,0.03296703296703297,0.01675977653631285,45.52000879507476
2024-03-31,MLP,PCA,4548,455,455,87,0.1912087912087912,0.1912087912087912,0.10571081409477522,45.52000879507476
2024-03-31,MLP,Isolation Forest 42,4548,455,455,163,0.35824175824175825,0.35824175824175825,0.2182061579651941,45.52000879507476
2024-03-31,MLP,Isolation Forest 7,4548,455,455,150,0.32967032967032966,0.32967032967032966,0.19736842105263158,45.52000879507476
2024-03-31,MLP,Isolation Forest 99,4548,455,455,148,0.3252747252747253,0.3252747252747253,0.1942257217847769,45.52000879507476
2024-03-31,MLP,Autoencoder 42,4548,455,455,96,0.210989010989011,0.210989010989011,0.11793611793611794,45.52000879507476
2024-03-31,MLP,Autoencoder 7,4548,455,455,112,0.24615384615384617,0.24615384615384617,0.14035087719298245,45.52000879507476
2024-03-31,MLP,Autoencoder 99,4548,455,455,91,0.2,0.2,0.1111111111111111,45.52000879507476
2024-03-31,MLP,PCA without size,4548,455,455,78,0.17142857142857143,0.17142857142857143,0.09375,45.52000879507476
2024-03-31,MLP,Isolation Forest 42 without size,4548,455,455,184,0.4043956043956044,0.4043956043956044,0.2534435261707989,45.52000879507476
2024-03-31,MLP,Isolation Forest 7 without size,4548,455,455,183,0.4021978021978022,0.4021978021978022,0.2517193947730399,45.52000879507476
2024-03-31,MLP,Isolation Forest 99 without size,4548,455,455,182,0.4,0.4,0.25,45.52000879507476
2024-03-31,MLP,Autoencoder 42 without size,4548,455,455,110,0.24175824175824176,0.24175824175824176,0.1375,45.52000879507476
2024-03-31,MLP,Autoencoder 7 without size,4548,455,455,116,0.2549450549450549,0.2549450549450549,0.14609571788413098,45.52000879507476
2024-03-31,MLP,Autoencoder 99 without size,4548,455,455,116,0.2549450549450549,0.2549450549450549,0.14609571788413098,45.52000879507476
2024-03-31,Low equity/assets,Largest deposits,4548,455,455,21,0.046153846153846156,0.046153846153846156,0.023622047244094488,45.52000879507476
2024-03-31,Low equity/assets,PCA,4548,455,455,22,0.04835164835164835,0.04835164835164835,0.024774774774774775,45.52000879507476
2024-03-31,Low equity/assets,Isolation Forest 42,4548,455,455,77,0.16923076923076924,0.16923076923076924,0.09243697478991597,45.52000879507476
2024-03-31,Low equity/assets,Isolation Forest 7,4548,455,455,70,0.15384615384615385,0.15384615384615385,0.08333333333333333,45.52000879507476
2024-03-31,Low equity/assets,Isolation Forest 99,4548,455,455,60,0.13186813186813187,0.13186813186813187,0.07058823529411765,45.52000879507476
2024-03-31,Low equity/assets,Autoencoder 42,4548,455,455,46,0.1010989010989011,0.1010989010989011,0.05324074074074074,45.52000879507476
2024-03-31,Low equity/assets,Autoencoder 7,4548,455,455,79,0.17362637362637362,0.17362637362637362,0.0950661853188929,45.52000879507476
2024-03-31,Low equity/assets,Autoencoder 99,4548,455,455,34,0.07472527472527472,0.07472527472527472,0.03881278538812785,45.52000879507476
2024-03-31,Low equity/assets,PCA without size,4548,455,455,21,0.046153846153846156,0.046153846153846156,0.023622047244094488,45.52000879507476
2024-03-31,Low equity/assets,Isolation Forest 42 without size,4548,455,455,103,0.22637362637362637,0.22637362637362637,0.12763320941759604,45.52000879507476
2024-03-31,Low equity/assets,Isolation Forest 7 without size,4548,455,455,109,0.23956043956043957,0.23956043956043957,0.13607990012484394,45.52000879507476
2024-03-31,Low equity/assets,Isolation Forest 99 without size,4548,455,455,88,0.1934065934065934,0.1934065934065934,0.1070559610705596,45.52000879507476
2024-03-31,Low equity/assets,Autoencoder 42 without size,4548,455,455,64,0.14065934065934066,0.14065934065934066,0.07565011820330969,45.52000879507476
2024-03-31,Low equity/assets,Autoencoder 7 without size,4548,455,455,82,0.18021978021978022,0.18021978021978022,0.09903381642512077,45.52000879507476
2024-03-31,Low equity/assets,Autoencoder 99 without size,4548,455,455,94,0.20659340659340658,0.20659340659340658,0.11519607843137254,45.52000879507476
2024-03-31,Largest deposits,PCA,4548,455,455,52,0.11428571428571428,0.11428571428571428,0.06060606060606061,45.52000879507476
2024-03-31,Largest deposits,Isolation Forest 42,4548,455,455,108,0.23736263736263735,0.23736263736263735,0.13466334164588528,45.52000879507476
2024-03-31,Largest deposits,Isolation Forest 7,4548,455,455,117,0.2571428571428571,0.2571428571428571,0.14754098360655737,45.52000879507476
2024-03-31,Largest deposits,Isolation Forest 99,4548,455,455,126,0.27692307692307694,0.27692307692307694,0.16071428571428573,45.52000879507476
2024-03-31,Largest deposits,Autoencoder 42,4548,455,455,49,0.1076923076923077,0.1076923076923077,0.056910569105691054,45.52000879507476
2024-03-31,Largest deposits,Autoencoder 7,4548,455,455,44,0.0967032967032967,0.0967032967032967,0.050808314087759814,45.52000879507476
2024-03-31,Largest deposits,Autoencoder 99,4548,455,455,48,0.1054945054945055,0.1054945054945055,0.05568445475638051,45.52000879507476
2024-03-31,Largest deposits,PCA without size,4548,455,455,42,0.09230769230769231,0.09230769230769231,0.04838709677419355,45.52000879507476
2024-03-31,Largest deposits,Isolation Forest 42 without size,4548,455,455,28,0.06153846153846154,0.06153846153846154,0.031746031746031744,45.52000879507476
2024-03-31,Largest deposits,Isolation Forest 7 without size,4548,455,455,28,0.06153846153846154,0.06153846153846154,0.031746031746031744,45.52000879507476
2024-03-31,Largest deposits,Isolation Forest 99 without size,4548,455,455,30,0.06593406593406594,0.06593406593406594,0.03409090909090909,45.52000879507476
2024-03-31,Largest deposits,Autoencoder 42 without size,4548,455,455,42,0.09230769230769231,0.09230769230769231,0.04838709677419355,45.52000879507476
2024-03-31,Largest deposits,Autoencoder 7 without size,4548,455,455,37,0.08131868131868132,0.08131868131868132,0.042382588774341354,45.52000879507476
2024-03-31,Largest deposits,Autoencoder 99 without size,4548,455,455,43,0.0945054945054945,0.0945054945054945,0.049596309111880045,45.52000879507476
2024-03-31,PCA,Isolation Forest 42,4548,455,455,174,0.3824175824175824,0.3824175824175824,0.23641304347826086,45.52000879507476
2024-03-31,PCA,Isolation Forest 7,4548,455,455,170,0.37362637362637363,0.37362637362637363,0.22972972972972974,45.52000879507476
2024-03-31,PCA,Isolation Forest 99,4548,455,455,168,0.36923076923076925,0.36923076923076925,0.22641509433962265,45.52000879507476
2024-03-31,PCA,Autoencoder 42,4548,455,455,334,0.734065934065934,0.734065934065934,0.5798611111111112,45.52000879507476
2024-03-31,PCA,Autoencoder 7,4548,455,455,307,0.6747252747252748,0.6747252747252748,0.5091210613598673,45.52000879507476
2024-03-31,PCA,Autoencoder 99,4548,455,455,341,0.7494505494505495,0.7494505494505495,0.5992970123022847,45.52000879507476
2024-03-31,PCA,PCA without size,4548,455,455,399,0.8769230769230769,0.8769230769230769,0.7808219178082192,45.52000879507476
2024-03-31,PCA,Isolation Forest 42 without size,4548,455,455,179,0.3934065934065934,0.3934065934065934,0.2448700410396717,45.52000879507476
2024-03-31,PCA,Isolation Forest 7 without size,4548,455,455,170,0.37362637362637363,0.37362637362637363,0.22972972972972974,45.52000879507476
2024-03-31,PCA,Isolation Forest 99 without size,4548,455,455,185,0.4065934065934066,0.4065934065934066,0.25517241379310346,45.52000879507476
2024-03-31,PCA,Autoencoder 42 without size,4548,455,455,330,0.7252747252747253,0.7252747252747253,0.5689655172413793,45.52000879507476
2024-03-31,PCA,Autoencoder 7 without size,4548,455,455,332,0.7296703296703296,0.7296703296703296,0.5743944636678201,45.52000879507476
2024-03-31,PCA,Autoencoder 99 without size,4548,455,455,308,0.676923076923077,0.676923076923077,0.5116279069767442,45.52000879507476
2024-03-31,Isolation Forest 42,Isolation Forest 7,4548,455,455,421,0.9252747252747253,0.9252747252747253,0.8609406952965235,45.52000879507476
2024-03-31,Isolation Forest 42,Isolation Forest 99,4548,455,455,413,0.9076923076923077,0.9076923076923077,0.8309859154929577,45.52000879507476
2024-03-31,Isolation Forest 42,Autoencoder 42,4548,455,455,185,0.4065934065934066,0.4065934065934066,0.25517241379310346,45.52000879507476
2024-03-31,Isolation Forest 42,Autoencoder 7,4548,455,455,188,0.41318681318681316,0.41318681318681316,0.26038781163434904,45.52000879507476
2024-03-31,Isolation Forest 42,Autoencoder 99,4548,455,455,186,0.4087912087912088,0.4087912087912088,0.2569060773480663,45.52000879507476
2024-03-31,Isolation Forest 42,PCA without size,4548,455,455,169,0.37142857142857144,0.37142857142857144,0.22807017543859648,45.52000879507476
2024-03-31,Isolation Forest 42,Isolation Forest 42 without size,4548,455,455,358,0.7868131868131868,0.7868131868131868,0.6485507246376812,45.52000879507476
2024-03-31,Isolation Forest 42,Isolation Forest 7 without size,4548,455,455,353,0.7758241758241758,0.7758241758241758,0.6337522441651705,45.52000879507476
2024-03-31,Isolation Forest 42,Isolation Forest 99 without size,4548,455,455,359,0.789010989010989,0.789010989010989,0.6515426497277677,45.52000879507476
2024-03-31,Isolation Forest 42,Autoencoder 42 without size,4548,455,455,183,0.4021978021978022,0.4021978021978022,0.2517193947730399,45.52000879507476
2024-03-31,Isolation Forest 42,Autoencoder 7 without size,4548,455,455,184,0.4043956043956044,0.4043956043956044,0.2534435261707989,45.52000879507476
2024-03-31,Isolation Forest 42,Autoencoder 99 without size,4548,455,455,192,0.421978021978022,0.421978021978022,0.26740947075208915,45.52000879507476
2024-03-31,Isolation Forest 7,Isolation Forest 99,4548,455,455,426,0.9362637362637363,0.9362637362637363,0.8801652892561983,45.52000879507476
2024-03-31,Isolation Forest 7,Autoencoder 42,4548,455,455,186,0.4087912087912088,0.4087912087912088,0.2569060773480663,45.52000879507476
2024-03-31,Isolation Forest 7,Autoencoder 7,4548,455,455,187,0.41098901098901097,0.41098901098901097,0.25864453665283543,45.52000879507476
2024-03-31,Isolation Forest 7,Autoencoder 99,4548,455,455,185,0.4065934065934066,0.4065934065934066,0.25517241379310346,45.52000879507476
2024-03-31,Isolation Forest 7,PCA without size,4548,455,455,163,0.35824175824175825,0.35824175824175825,0.2182061579651941,45.52000879507476
2024-03-31,Isolation Forest 7,Isolation Forest 42 without size,4548,455,455,348,0.7648351648351648,0.7648351648351648,0.6192170818505338,45.52000879507476
2024-03-31,Isolation Forest 7,Isolation Forest 7 without size,4548,455,455,348,0.7648351648351648,0.7648351648351648,0.6192170818505338,45.52000879507476
2024-03-31,Isolation Forest 7,Isolation Forest 99 without size,4548,455,455,354,0.778021978021978,0.778021978021978,0.6366906474820144,45.52000879507476
2024-03-31,Isolation Forest 7,Autoencoder 42 without size,4548,455,455,180,0.3956043956043956,0.3956043956043956,0.2465753424657534,45.52000879507476
2024-03-31,Isolation Forest 7,Autoencoder 7 without size,4548,455,455,178,0.3912087912087912,0.3912087912087912,0.24316939890710382,45.52000879507476
2024-03-31,Isolation Forest 7,Autoencoder 99 without size,4548,455,455,186,0.4087912087912088,0.4087912087912088,0.2569060773480663,45.52000879507476
2024-03-31,Isolation Forest 99,Autoencoder 42,4548,455,455,180,0.3956043956043956,0.3956043956043956,0.2465753424657534,45.52000879507476
2024-03-31,Isolation Forest 99,Autoencoder 7,4548,455,455,177,0.389010989010989,0.389010989010989,0.24147339699863574,45.52000879507476
2024-03-31,Isolation Forest 99,Autoencoder 99,4548,455,455,180,0.3956043956043956,0.3956043956043956,0.2465753424657534,45.52000879507476
2024-03-31,Isolation Forest 99,PCA without size,4548,455,455,160,0.3516483516483517,0.3516483516483517,0.21333333333333335,45.52000879507476
2024-03-31,Isolation Forest 99,Isolation Forest 42 without size,4548,455,455,340,0.7472527472527473,0.7472527472527473,0.5964912280701754,45.52000879507476
2024-03-31,Isolation Forest 99,Isolation Forest 7 without size,4548,455,455,340,0.7472527472527473,0.7472527472527473,0.5964912280701754,45.52000879507476
2024-03-31,Isolation Forest 99,Isolation Forest 99 without size,4548,455,455,345,0.7582417582417582,0.7582417582417582,0.6106194690265486,45.52000879507476
2024-03-31,Isolation Forest 99,Autoencoder 42 without size,4548,455,455,175,0.38461538461538464,0.38461538461538464,0.23809523809523808,45.52000879507476
2024-03-31,Isolation Forest 99,Autoencoder 7 without size,4548,455,455,171,0.3758241758241758,0.3758241758241758,0.2313937753721245,45.52000879507476
2024-03-31,Isolation Forest 99,Autoencoder 99 without size,4548,455,455,178,0.3912087912087912,0.3912087912087912,0.24316939890710382,45.52000879507476
2024-03-31,Autoencoder 42,Autoencoder 7,4548,455,455,396,0.8703296703296703,0.8703296703296703,0.7704280155642024,45.52000879507476
2024-03-31,Autoencoder 42,Autoencoder 99,4548,455,455,409,0.8989010989010989,0.8989010989010989,0.8163672654690619,45.52000879507476
2024-03-31,Autoencoder 42,PCA without size,4548,455,455,305,0.6703296703296703,0.6703296703296703,0.5041322314049587,45.52000879507476
2024-03-31,Autoencoder 42,Isolation Forest 42 without size,4548,455,455,194,0.42637362637362636,0.42637362637362636,0.2709497206703911,45.52000879507476
2024-03-31,Autoencoder 42,Isolation Forest 7 without size,4548,455,455,186,0.4087912087912088,0.4087912087912088,0.2569060773480663,45.52000879507476
2024-03-31,Autoencoder 42,Isolation Forest 99 without size,4548,455,455,194,0.42637362637362636,0.42637362637362636,0.2709497206703911,45.52000879507476
2024-03-31,Autoencoder 42,Autoencoder 42 without size,4548,455,455,379,0.832967032967033,0.832967032967033,0.7137476459510358,45.52000879507476
2024-03-31,Autoencoder 42,Autoencoder 7 without size,4548,455,455,382,0.8395604395604396,0.8395604395604396,0.7234848484848485,45.52000879507476
2024-03-31,Autoencoder 42,Autoencoder 99 without size,4548,455,455,372,0.8175824175824176,0.8175824175824176,0.6914498141263941,45.52000879507476
2024-03-31,Autoencoder 7,Autoencoder 99,4548,455,455,391,0.8593406593406593,0.8593406593406593,0.7533718689788054,45.52000879507476
2024-03-31,Autoencoder 7,PCA without size,4548,455,455,277,0.6087912087912087,0.6087912087912087,0.43759873617693523,45.52000879507476
2024-03-31,Autoencoder 7,Isolation Forest 42 without size,4548,455,455,207,0.45494505494505494,0.45494505494505494,0.29445234708392604,45.52000879507476
2024-03-31,Autoencoder 7,Isolation Forest 7 without size,4548,455,455,196,0.4307692307692308,0.4307692307692308,0.27450980392156865,45.52000879507476
2024-03-31,Autoencoder 7,Isolation Forest 99 without size,4548,455,455,204,0.44835164835164837,0.44835164835164837,0.28895184135977336,45.52000879507476
2024-03-31,Autoencoder 7,Autoencoder 42 without size,4548,455,455,379,0.832967032967033,0.832967032967033,0.7137476459510358,45.52000879507476
2024-03-31,Autoencoder 7,Autoencoder 7 without size,4548,455,455,387,0.8505494505494505,0.8505494505494505,0.739961759082218,45.52000879507476
2024-03-31,Autoencoder 7,Autoencoder 99 without size,4548,455,455,391,0.8593406593406593,0.8593406593406593,0.7533718689788054,45.52000879507476
2024-03-31,Autoencoder 99,PCA without size,4548,455,455,306,0.6725274725274726,0.6725274725274726,0.5066225165562914,45.52000879507476
2024-03-31,Autoencoder 99,Isolation Forest 42 without size,4548,455,455,191,0.4197802197802198,0.4197802197802198,0.26564673157162727,45.52000879507476
2024-03-31,Autoencoder 99,Isolation Forest 7 without size,4548,455,455,183,0.4021978021978022,0.4021978021978022,0.2517193947730399,45.52000879507476
2024-03-31,Autoencoder 99,Isolation Forest 99 without size,4548,455,455,197,0.432967032967033,0.432967032967033,0.2762973352033661,45.52000879507476
2024-03-31,Autoencoder 99,Autoencoder 42 without size,4548,455,455,373,0.8197802197802198,0.8197802197802198,0.6945996275605214,45.52000879507476
2024-03-31,Autoencoder 99,Autoencoder 7 without size,4548,455,455,375,0.8241758241758241,0.8241758241758241,0.7009345794392523,45.52000879507476
2024-03-31,Autoencoder 99,Autoencoder 99 without size,4548,455,455,371,0.8153846153846154,0.8153846153846154,0.6883116883116883,45.52000879507476
2024-03-31,PCA without size,Isolation Forest 42 without size,4548,455,455,173,0.3802197802197802,0.3802197802197802,0.23473541383989144,45.52000879507476
2024-03-31,PCA without size,Isolation Forest 7 without size,4548,455,455,166,0.3648351648351648,0.3648351648351648,0.22311827956989247,45.52000879507476
2024-03-31,PCA without size,Isolation Forest 99 without size,4548,455,455,178,0.3912087912087912,0.3912087912087912,0.24316939890710382,45.52000879507476
2024-03-31,PCA without size,Autoencoder 42 without size,4548,455,455,302,0.6637362637362637,0.6637362637362637,0.4967105263157895,45.52000879507476
2024-03-31,PCA without size,Autoencoder 7 without size,4548,455,455,302,0.6637362637362637,0.6637362637362637,0.4967105263157895,45.52000879507476
2024-03-31,PCA without size,Autoencoder 99 without size,4548,455,455,278,0.610989010989011,0.610989010989011,0.439873417721519,45.52000879507476
2024-03-31,Isolation Forest 42 without size,Isolation Forest 7 without size,4548,455,455,429,0.9428571428571428,0.9428571428571428,0.8918918918918919,45.52000879507476
2024-03-31,Isolation Forest 42 without size,Isolation Forest 99 without size,4548,455,455,424,0.9318681318681319,0.9318681318681319,0.8724279835390947,45.52000879507476
2024-03-31,Isolation Forest 42 without size,Autoencoder 42 without size,4548,455,455,200,0.43956043956043955,0.43956043956043955,0.28169014084507044,45.52000879507476
2024-03-31,Isolation Forest 42 without size,Autoencoder 7 without size,4548,455,455,209,0.4593406593406593,0.4593406593406593,0.29814550641940085,45.52000879507476
2024-03-31,Isolation Forest 42 without size,Autoencoder 99 without size,4548,455,455,216,0.4747252747252747,0.4747252747252747,0.3112391930835735,45.52000879507476
2024-03-31,Isolation Forest 7 without size,Isolation Forest 99 without size,4548,455,455,419,0.9208791208791208,0.9208791208791208,0.8533604887983707,45.52000879507476
2024-03-31,Isolation Forest 7 without size,Autoencoder 42 without size,4548,455,455,191,0.4197802197802198,0.4197802197802198,0.26564673157162727,45.52000879507476
2024-03-31,Isolation Forest 7 without size,Autoencoder 7 without size,4548,455,455,195,0.42857142857142855,0.42857142857142855,0.2727272727272727,45.52000879507476
2024-03-31,Isolation Forest 7 without size,Autoencoder 99 without size,4548,455,455,207,0.45494505494505494,0.45494505494505494,0.29445234708392604,45.52000879507476
2024-03-31,Isolation Forest 99 without size,Autoencoder 42 without size,4548,455,455,199,0.43736263736263736,0.43736263736263736,0.279887482419128,45.52000879507476
2024-03-31,Isolation Forest 99 without size,Autoencoder 7 without size,4548,455,455,206,0.45274725274725275,0.45274725274725275,0.29261363636363635,45.52000879507476
2024-03-31,Isolation Forest 99 without size,Autoencoder 99 without size,4548,455,455,211,0.46373626373626375,0.46373626373626375,0.30185979971387694,45.52000879507476
2024-03-31,Autoencoder 42 without size,Autoencoder 7 without size,4548,455,455,394,0.865934065934066,0.865934065934066,0.7635658914728682,45.52000879507476
2024-03-31,Autoencoder 42 without size,Autoencoder 99 without size,4548,455,455,376,0.8263736263736263,0.8263736263736263,0.704119850187266,45.52000879507476
2024-03-31,Autoencoder 7 without size,Autoencoder 99 without size,4548,455,455,393,0.8637362637362638,0.8637362637362638,0.7601547388781431,45.52000879507476
2024-06-30,Ridge,MLP,4523,453,453,220,0.4856512141280353,0.4856512141280353,0.3206997084548105,45.37010833517577
2024-06-30,Ridge,Low equity/assets,4523,453,453,142,0.31346578366445915,0.31346578366445915,0.18586387434554974,45.37010833517577
2024-06-30,Ridge,Largest deposits,4523,453,453,13,0.02869757174392936,0.02869757174392936,0.014557670772676373,45.37010833517577
2024-06-30,Ridge,PCA,4523,453,453,95,0.2097130242825607,0.2097130242825607,0.11713933415536375,45.37010833517577
2024-06-30,Ridge,Isolation Forest 42,4523,453,453,218,0.48123620309050774,0.48123620309050774,0.3168604651162791,45.37010833517577
2024-06-30,Ridge,Isolation Forest 7,4523,453,453,192,0.423841059602649,0.423841059602649,0.2689075630252101,45.37010833517577
2024-06-30,Ridge,Isolation Forest 99,4523,453,453,179,0.39514348785871967,0.39514348785871967,0.24621733149931224,45.37010833517577
2024-06-30,Ridge,Autoencoder 42,4523,453,453,114,0.25165562913907286,0.25165562913907286,0.14393939393939395,45.37010833517577
2024-06-30,Ridge,Autoencoder 7,4523,453,453,129,0.2847682119205298,0.2847682119205298,0.16602316602316602,45.37010833517577
2024-06-30,Ridge,Autoencoder 99,4523,453,453,102,0.2251655629139073,0.2251655629139073,0.12686567164179105,45.37010833517577
2024-06-30,Ridge,PCA without size,4523,453,453,98,0.2163355408388521,0.2163355408388521,0.12128712871287128,45.37010833517577
2024-06-30,Ridge,Isolation Forest 42 without size,4523,453,453,245,0.5408388520971302,0.5408388520971302,0.37065052950075644,45.37010833517577
2024-06-30,Ridge,Isolation Forest 7 without size,4523,453,453,248,0.5474613686534217,0.5474613686534217,0.3768996960486322,45.37010833517577
2024-06-30,Ridge,Isolation Forest 99 without size,4523,453,453,239,0.5275938189845475,0.5275938189845475,0.3583208395802099,45.37010833517577
2024-06-30,Ridge,Autoencoder 42 without size,4523,453,453,117,0.2582781456953642,0.2582781456953642,0.1482889733840304,45.37010833517577
2024-06-30,Ridge,Autoencoder 7 without size,4523,453,453,128,0.282560706401766,0.282560706401766,0.16452442159383032,45.37010833517577
2024-06-30,Ridge,Autoencoder 99 without size,4523,453,453,142,0.31346578366445915,0.31346578366445915,0.18586387434554974,45.37010833517577
2024-06-30,MLP,Low equity/assets,4523,453,453,143,0.31567328918322296,0.31567328918322296,0.1874180865006553,45.37010833517577
2024-06-30,MLP,Largest deposits,4523,453,453,15,0.033112582781456956,0.033112582781456956,0.016835016835016835,45.37010833517577
2024-06-30,MLP,PCA,4523,453,453,96,0.2119205298013245,0.2119205298013245,0.11851851851851852,45.37010833517577
2024-06-30,MLP,Isolation Forest 42,4523,453,453,177,0.39072847682119205,0.39072847682119205,0.24279835390946503,45.37010833517577
2024-06-30,MLP,Isolation Forest 7,4523,453,453,161,0.3554083885209713,0.3554083885209713,0.21610738255033557,45.37010833517577
2024-06-30,MLP,Isolation Forest 99,4523,453,453,155,0.34216335540838855,0.34216335540838855,0.20639147802929428,45.37010833517577
2024-06-30,MLP,Autoencoder 42,4523,453,453,116,0.2560706401766004,0.2560706401766004,0.1468354430379747,45.37010833517577
2024-06-30,MLP,Autoencoder 7,4523,453,453,124,0.2737306843267108,0.2737306843267108,0.1585677749360614,45.37010833517577
2024-06-30,MLP,Autoencoder 99,4523,453,453,110,0.24282560706401765,0.24282560706401765,0.13819095477386933,45.37010833517577
2024-06-30,MLP,PCA without size,4523,453,453,101,0.2229580573951435,0.2229580573951435,0.12546583850931678,45.37010833517577
2024-06-30,MLP,Isolation Forest 42 without size,4523,453,453,190,0.4194260485651214,0.4194260485651214,0.26536312849162014,45.37010833517577
2024-06-30,MLP,Isolation Forest 7 without size,4523,453,453,189,0.41721854304635764,0.41721854304635764,0.26359832635983266,45.37010833517577
2024-06-30,MLP,Isolation Forest 99 without size,4523,453,453,187,0.41280353200883,0.41280353200883,0.26008344923504867,45.37010833517577
2024-06-30,MLP,Autoencoder 42 without size,4523,453,453,121,0.2671081677704194,0.2671081677704194,0.15414012738853503,45.37010833517577
2024-06-30,MLP,Autoencoder 7 without size,4523,453,453,123,0.271523178807947,0.271523178807947,0.15708812260536398,45.37010833517577
2024-06-30,MLP,Autoencoder 99 without size,4523,453,453,133,0.293598233995585,0.293598233995585,0.17205692108667528,45.37010833517577
2024-06-30,Low equity/assets,Largest deposits,4523,453,453,21,0.046357615894039736,0.046357615894039736,0.023728813559322035,45.37010833517577
2024-06-30,Low equity/assets,PCA,4523,453,453,21,0.046357615894039736,0.046357615894039736,0.023728813559322035,45.37010833517577
2024-06-30,Low equity/assets,Isolation Forest 42,4523,453,453,70,0.1545253863134658,0.1545253863134658,0.08373205741626795,45.37010833517577
2024-06-30,Low equity/assets,Isolation Forest 7,4523,453,453,67,0.1479028697571744,0.1479028697571744,0.07985697258641239,45.37010833517577
2024-06-30,Low equity/assets,Isolation Forest 99,4523,453,453,52,0.11479028697571744,0.11479028697571744,0.06088992974238876,45.37010833517577
2024-06-30,Low equity/assets,Autoencoder 42,4523,453,453,50,0.11037527593818984,0.11037527593818984,0.05841121495327103,45.37010833517577
2024-06-30,Low equity/assets,Autoencoder 7,4523,453,453,81,0.17880794701986755,0.17880794701986755,0.09818181818181818,45.37010833517577
2024-06-30,Low equity/assets,Autoencoder 99,4523,453,453,39,0.08609271523178808,0.08609271523178808,0.04498269896193772,45.37010833517577
2024-06-30,Low equity/assets,PCA without size,4523,453,453,21,0.046357615894039736,0.046357615894039736,0.023728813559322035,45.37010833517577
2024-06-30,Low equity/assets,Isolation Forest 42 without size,4523,453,453,95,0.2097130242825607,0.2097130242825607,0.11713933415536375,45.37010833517577
2024-06-30,Low equity/assets,Isolation Forest 7 without size,4523,453,453,97,0.2141280353200883,0.2141280353200883,0.11990111248454882,45.37010833517577
2024-06-30,Low equity/assets,Isolation Forest 99 without size,4523,453,453,91,0.20088300220750552,0.20088300220750552,0.1116564417177914,45.37010833517577
2024-06-30,Low equity/assets,Autoencoder 42 without size,4523,453,453,68,0.15011037527593818,0.15011037527593818,0.081145584725537,45.37010833517577
2024-06-30,Low equity/assets,Autoencoder 7 without size,4523,453,453,89,0.19646799116997793,0.19646799116997793,0.10893512851897184,45.37010833517577
2024-06-30,Low equity/assets,Autoencoder 99 without size,4523,453,453,99,0.2185430463576159,0.2185430463576159,0.12267657992565056,45.37010833517577
2024-06-30,Largest deposits,PCA,4523,453,453,46,0.10154525386313466,0.10154525386313466,0.053488372093023255,45.37010833517577
2024-06-30,Largest deposits,Isolation Forest 42,4523,453,453,102,0.2251655629139073,0.2251655629139073,0.12686567164179105,45.37010833517577
2024-06-30,Largest deposits,Isolation Forest 7,4523,453,453,119,0.26269315673289184,0.26269315673289184,0.15120711562897077,45.37010833517577
2024-06-30,Largest deposits,Isolation Forest 99,4523,453,453,132,0.2913907284768212,0.2913907284768212,0.17054263565891473,45.37010833517577
2024-06-30,Largest deposits,Autoencoder 42,4523,453,453,53,0.11699779249448124,0.11699779249448124,0.06213364595545135,45.37010833517577
2024-06-30,Largest deposits,Autoencoder 7,4523,453,453,45,0.09933774834437085,0.09933774834437085,0.05226480836236934,45.37010833517577
2024-06-30,Largest deposits,Autoencoder 99,4523,453,453,50,0.11037527593818984,0.11037527593818984,0.05841121495327103,45.37010833517577
2024-06-30,Largest deposits,PCA without size,4523,453,453,45,0.09933774834437085,0.09933774834437085,0.05226480836236934,45.37010833517577
2024-06-30,Largest deposits,Isolation Forest 42 without size,4523,453,453,27,0.059602649006622516,0.059602649006622516,0.030716723549488054,45.37010833517577
2024-06-30,Largest deposits,Isolation Forest 7 without size,4523,453,453,29,0.0640176600441501,0.0640176600441501,0.0330672748004561,45.37010833517577
2024-06-30,Largest deposits,Isolation Forest 99 without size,4523,453,453,28,0.06181015452538632,0.06181015452538632,0.03189066059225513,45.37010833517577
2024-06-30,Largest deposits,Autoencoder 42 without size,4523,453,453,40,0.08830022075055188,0.08830022075055188,0.046189376443418015,45.37010833517577
2024-06-30,Largest deposits,Autoencoder 7 without size,4523,453,453,43,0.09492273730684327,0.09492273730684327,0.04982618771726535,45.37010833517577
2024-06-30,Largest deposits,Autoencoder 99 without size,4523,453,453,44,0.09713024282560706,0.09713024282560706,0.05104408352668213,45.37010833517577
2024-06-30,PCA,Isolation Forest 42,4523,453,453,174,0.3841059602649007,0.3841059602649007,0.23770491803278687,45.37010833517577
2024-06-30,PCA,Isolation Forest 7,4523,453,453,165,0.36423841059602646,0.36423841059602646,0.22267206477732793,45.37010833517577
2024-06-30,PCA,Isolation Forest 99,4523,453,453,167,0.3686534216335541,0.3686534216335541,0.2259810554803789,45.37010833517577
2024-06-30,PCA,Autoencoder 42,4523,453,453,326,0.7196467991169978,0.7196467991169978,0.5620689655172414,45.37010833517577
2024-06-30,PCA,Autoencoder 7,4523,453,453,294,0.6490066225165563,0.6490066225165563,0.4803921568627451,45.37010833517577
2024-06-30,PCA,Autoencoder 99,4523,453,453,329,0.7262693156732892,0.7262693156732892,0.5701906412478336,45.37010833517577
2024-06-30,PCA,PCA without size,4523,453,453,394,0.869757174392936,0.869757174392936,0.76953125,45.37010833517577
2024-06-30,PCA,Isolation Forest 42 without size,4523,453,453,180,0.3973509933774834,0.3973509933774834,0.24793388429752067,45.37010833517577
2024-06-30,PCA,Isolation Forest 7 without size,4523,453,453,175,0.38631346578366443,0.38631346578366443,0.2393980848153215,45.37010833517577
2024-06-30,PCA,Isolation Forest 99 without size,4523,453,453,181,0.3995584988962472,0.3995584988962472,0.2496551724137931,45.37010833517577
2024-06-30,PCA,Autoencoder 42 without size,4523,453,453,310,0.6843267108167771,0.6843267108167771,0.5201342281879194,45.37010833517577
2024-06-30,PCA,Autoencoder 7 without size,4523,453,453,308,0.6799116997792495,0.6799116997792495,0.5150501672240803,45.37010833517577
2024-06-30,PCA,Autoencoder 99 without size,4523,453,453,303,0.6688741721854304,0.6688741721854304,0.5024875621890548,45.37010833517577
2024-06-30,Isolation Forest 42,Isolation Forest 7,4523,453,453,414,0.9139072847682119,0.9139072847682119,0.8414634146341463,45.37010833517577
2024-06-30,Isolation Forest 42,Isolation Forest 99,4523,453,453,404,0.891832229580574,0.891832229580574,0.8047808764940239,45.37010833517577
2024-06-30,Isolation Forest 42,Autoencoder 42,4523,453,453,189,0.41721854304635764,0.41721854304635764,0.26359832635983266,45.37010833517577
2024-06-30,Isolation Forest 42,Autoencoder 7,4523,453,453,191,0.4216335540838852,0.4216335540838852,0.26713286713286716,45.37010833517577
2024-06-30,Isolation Forest 42,Autoencoder 99,4523,453,453,189,0.41721854304635764,0.41721854304635764,0.26359832635983266,45.37010833517577
2024-06-30,Isolation Forest 42,PCA without size,4523,453,453,174,0.3841059602649007,0.3841059602649007,0.23770491803278687,45.37010833517577
2024-06-30,Isolation Forest 42,Isolation Forest 42 without size,4523,453,453,356,0.7858719646799117,0.7858719646799117,0.6472727272727272,45.37010833517577
2024-06-30,Isolation Forest 42,Isolation Forest 7 without size,4523,453,453,357,0.7880794701986755,0.7880794701986755,0.6502732240437158,45.37010833517577
2024-06-30,Isolation Forest 42,Isolation Forest 99 without size,4523,453,453,355,0.7836644591611479,0.7836644591611479,0.6442831215970962,45.37010833517577
2024-06-30,Isolation Forest 42,Autoencoder 42 without size,4523,453,453,179,0.39514348785871967,0.39514348785871967,0.24621733149931224,45.37010833517577
2024-06-30,Isolation Forest 42,Autoencoder 7 without size,4523,453,453,180,0.3973509933774834,0.3973509933774834,0.24793388429752067,45.37010833517577
2024-06-30,Isolation Forest 42,Autoencoder 99 without size,4523,453,453,195,0.4304635761589404,0.4304635761589404,0.2742616033755274,45.37010833517577
2024-06-30,Isolation Forest 7,Isolation Forest 99,4523,453,453,421,0.9293598233995585,0.9293598233995585,0.8680412371134021,45.37010833517577
2024-06-30,Isolation Forest 7,Autoencoder 42,4523,453,453,186,0.4105960264900662,0.4105960264900662,0.25833333333333336,45.37010833517577
2024-06-30,Isolation Forest 7,Autoencoder 7,4523,453,453,190,0.4194260485651214,0.4194260485651214,0.26536312849162014,45.37010833517577
2024-06-30,Isolation Forest 7,Autoencoder 99,4523,453,453,188,0.41501103752759383,0.41501103752759383,0.2618384401114206,45.37010833517577
2024-06-30,Isolation Forest 7,PCA without size,4523,453,453,170,0.37527593818984545,0.37527593818984545,0.23097826086956522,45.37010833517577
2024-06-30,Isolation Forest 7,Isolation Forest 42 without size,4523,453,453,350,0.7726269315673289,0.7726269315673289,0.6294964028776978,45.37010833517577
2024-06-30,Isolation Forest 7,Isolation Forest 7 without size,4523,453,453,351,0.7748344370860927,0.7748344370860927,0.6324324324324324,45.37010833517577
2024-06-30,Isolation Forest 7,Isolation Forest 99 without size,4523,453,453,354,0.7814569536423841,0.7814569536423841,0.6413043478260869,45.37010833517577
2024-06-30,Isolation Forest 7,Autoencoder 42 without size,4523,453,453,176,0.38852097130242824,0.38852097130242824,0.2410958904109589,45.37010833517577
2024-06-30,Isolation Forest 7,Autoencoder 7 without size,4523,453,453,181,0.3995584988962472,0.3995584988962472,0.2496551724137931,45.37010833517577
2024-06-30,Isolation Forest 7,Autoencoder 99 without size,4523,453,453,190,0.4194260485651214,0.4194260485651214,0.26536312849162014,45.37010833517577
2024-06-30,Isolation Forest 99,Autoencoder 42,4523,453,453,185,0.4083885209713024,0.4083885209713024,0.2565880721220527,45.37010833517577
2024-06-30,Isolation Forest 99,Autoencoder 7,4523,453,453,183,0.40397350993377484,0.40397350993377484,0.25311203319502074,45.37010833517577
2024-06-30,Isolation Forest 99,Autoencoder 99,4523,453,453,189,0.41721854304635764,0.41721854304635764,0.26359832635983266,45.37010833517577
2024-06-30,Isolation Forest 99,PCA without size,4523,453,453,168,0.3708609271523179,0.3708609271523179,0.22764227642276422,45.37010833517577
2024-06-30,Isolation Forest 99,Isolation Forest 42 without size,4523,453,453,337,0.7439293598233996,0.7439293598233996,0.5922671353251318,45.37010833517577
2024-06-30,Isolation Forest 99,Isolation Forest 7 without size,4523,453,453,337,0.7439293598233996,0.7439293598233996,0.5922671353251318,45.37010833517577
2024-06-30,Isolation Forest 99,Isolation Forest 99 without size,4523,453,453,337,0.7439293598233996,0.7439293598233996,0.5922671353251318,45.37010833517577
2024-06-30,Isolation Forest 99,Autoencoder 42 without size,4523,453,453,174,0.3841059602649007,0.3841059602649007,0.23770491803278687,45.37010833517577
2024-06-30,Isolation Forest 99,Autoencoder 7 without size,4523,453,453,176,0.38852097130242824,0.38852097130242824,0.2410958904109589,45.37010833517577
2024-06-30,Isolation Forest 99,Autoencoder 99 without size,4523,453,453,184,0.40618101545253865,0.40618101545253865,0.2548476454293629,45.37010833517577
2024-06-30,Autoencoder 42,Autoencoder 7,4523,453,453,393,0.8675496688741722,0.8675496688741722,0.7660818713450293,45.37010833517577
2024-06-30,Autoencoder 42,Autoencoder 99,4523,453,453,408,0.9006622516556292,0.9006622516556292,0.8192771084337349,45.37010833517577
2024-06-30,Autoencoder 42,PCA without size,4523,453,453,310,0.6843267108167771,0.6843267108167771,0.5201342281879194,45.37010833517577
2024-06-30,Autoencoder 42,Isolation Forest 42 without size,4523,453,453,205,0.45253863134657835,0.45253863134657835,0.29243937232524964,45.37010833517577
2024-06-30,Autoencoder 42,Isolation Forest 7 without size,4523,453,453,202,0.445916114790287,0.445916114790287,0.2869318181818182,45.37010833517577
2024-06-30,Autoencoder 42,Isolation Forest 99 without size,4523,453,453,207,0.45695364238410596,0.45695364238410596,0.296137339055794,45.37010833517577
2024-06-30,Autoencoder 42,Autoencoder 42 without size,4523,453,453,386,0.8520971302428256,0.8520971302428256,0.7423076923076923,45.37010833517577
2024-06-30,Autoencoder 42,Autoencoder 7 without size,4523,453,453,381,0.8410596026490066,0.8410596026490066,0.7257142857142858,45.37010833517577
2024-06-30,Autoencoder 42,Autoencoder 99 without size,4523,453,453,369,0.8145695364238411,0.8145695364238411,0.6871508379888268,45.37010833517577
2024-06-30,Autoencoder 7,Autoencoder 99,4523,453,453,390,0.8609271523178808,0.8609271523178808,0.7558139534883721,45.37010833517577
2024-06-30,Autoencoder 7,PCA without size,4523,453,453,277,0.6114790286975718,0.6114790286975718,0.44038155802861684,45.37010833517577
2024-06-30,Autoencoder 7,Isolation Forest 42 without size,4523,453,453,219,0.48344370860927155,0.48344370860927155,0.31877729257641924,45.37010833517577
2024-06-30,Autoencoder 7,Isolation Forest 7 without size,4523,453,453,214,0.47240618101545256,0.47240618101545256,0.3092485549132948,45.37010833517577
2024-06-30,Autoencoder 7,Isolation Forest 99 without size,4523,453,453,214,0.47240618101545256,0.47240618101545256,0.3092485549132948,45.37010833517577
2024-06-30,Autoencoder 7,Autoencoder 42 without size,4523,453,453,391,0.8631346578366446,0.8631346578366446,0.7592233009708738,45.37010833517577
2024-06-30,Autoencoder 7,Autoencoder 7 without size,4523,453,453,389,0.8587196467991169,0.8587196467991169,0.7524177949709865,45.37010833517577
2024-06-30,Autoencoder 7,Autoencoder 99 without size,4523,453,453,379,0.8366445916114791,0.8366445916114791,0.7191650853889943,45.37010833517577
2024-06-30,Autoencoder 99,PCA without size,4523,453,453,305,0.673289183222958,0.673289183222958,0.5074875207986689,45.37010833517577
2024-06-30,Autoencoder 99,Isolation Forest 42 without size,4523,453,453,203,0.4481236203090508,0.4481236203090508,0.2887624466571835,45.37010833517577
2024-06-30,Autoencoder 99,Isolation Forest 7 without size,4523,453,453,201,0.44370860927152317,0.44370860927152317,0.2851063829787234,45.37010833517577
2024-06-30,Autoencoder 99,Isolation Forest 99 without size,4523,453,453,204,0.4503311258278146,0.4503311258278146,0.2905982905982906,45.37010833517577
2024-06-30,Autoencoder 99,Autoencoder 42 without size,4523,453,453,382,0.8432671081677704,0.8432671081677704,0.7290076335877863,45.37010833517577
2024-06-30,Autoencoder 99,Autoencoder 7 without size,4523,453,453,373,0.8233995584988962,0.8233995584988962,0.699812382739212,45.37010833517577
2024-06-30,Autoencoder 99,Autoencoder 99 without size,4523,453,453,363,0.8013245033112583,0.8013245033112583,0.6685082872928176,45.37010833517577
2024-06-30,PCA without size,Isolation Forest 42 without size,4523,453,453,183,0.40397350993377484,0.40397350993377484,0.25311203319502074,45.37010833517577
2024-06-30,PCA without size,Isolation Forest 7 without size,4523,453,453,178,0.39293598233995586,0.39293598233995586,0.2445054945054945,45.37010833517577
2024-06-30,PCA without size,Isolation Forest 99 without size,4523,453,453,184,0.40618101545253865,0.40618101545253865,0.2548476454293629,45.37010833517577
2024-06-30,PCA without size,Autoencoder 42 without size,4523,453,453,293,0.6467991169977925,0.6467991169977925,0.47797716150081565,45.37010833517577
2024-06-30,PCA without size,Autoencoder 7 without size,4523,453,453,287,0.6335540838852097,0.6335540838852097,0.46365105008077545,45.37010833517577
2024-06-30,PCA without size,Autoencoder 99 without size,4523,453,453,286,0.6313465783664459,0.6313465783664459,0.4612903225806452,45.37010833517577
2024-06-30,Isolation Forest 42 without size,Isolation Forest 7 without size,4523,453,453,429,0.9470198675496688,0.9470198675496688,0.89937106918239,45.37010833517577
2024-06-30,Isolation Forest 42 without size,Isolation Forest 99 without size,4523,453,453,427,0.9426048565121413,0.9426048565121413,0.8914405010438413,45.37010833517577
2024-06-30,Isolation Forest 42 without size,Autoencoder 42 without size,4523,453,453,207,0.45695364238410596,0.45695364238410596,0.296137339055794,45.37010833517577
2024-06-30,Isolation Forest 42 without size,Autoencoder 7 without size,4523,453,453,216,0.4768211920529801,0.4768211920529801,0.3130434782608696,45.37010833517577
2024-06-30,Isolation Forest 42 without size,Autoencoder 99 without size,4523,453,453,230,0.5077262693156733,0.5077262693156733,0.34023668639053256,45.37010833517577
2024-06-30,Isolation Forest 7 without size,Isolation Forest 99 without size,4523,453,453,424,0.9359823399558499,0.9359823399558499,0.8796680497925311,45.37010833517577
2024-06-30,Isolation Forest 7 without size,Autoencoder 42 without size,4523,453,453,202,0.445916114790287,0.445916114790287,0.2869318181818182,45.37010833517577
2024-06-30,Isolation Forest 7 without size,Autoencoder 7 without size,4523,453,453,210,0.46357615894039733,0.46357615894039733,0.3017241379310345,45.37010833517577
2024-06-30,Isolation Forest 7 without size,Autoencoder 99 without size,4523,453,453,224,0.49448123620309054,0.49448123620309054,0.3284457478005865,45.37010833517577
2024-06-30,Isolation Forest 99 without size,Autoencoder 42 without size,4523,453,453,205,0.45253863134657835,0.45253863134657835,0.29243937232524964,45.37010833517577
2024-06-30,Isolation Forest 99 without size,Autoencoder 7 without size,4523,453,453,211,0.46578366445916114,0.46578366445916114,0.3035971223021583,45.37010833517577
2024-06-30,Isolation Forest 99 without size,Autoencoder 99 without size,4523,453,453,223,0.4922737306843267,0.4922737306843267,0.32650073206442165,45.37010833517577
2024-06-30,Autoencoder 42 without size,Autoencoder 7 without size,4523,453,453,382,0.8432671081677704,0.8432671081677704,0.7290076335877863,45.37010833517577
2024-06-30,Autoencoder 42 without size,Autoencoder 99 without size,4523,453,453,376,0.8300220750551877,0.8300220750551877,0.7094339622641509,45.37010833517577
2024-06-30,Autoencoder 7 without size,Autoencoder 99 without size,4523,453,453,385,0.8498896247240618,0.8498896247240618,0.7389635316698656,45.37010833517577
2024-09-30,Ridge,MLP,4505,451,451,226,0.5011086474501109,0.5011086474501109,0.3343195266272189,45.15005549389567
2024-09-30,Ridge,Low equity/assets,4505,451,451,128,0.2838137472283814,0.2838137472283814,0.165374677002584,45.15005549389567
2024-09-30,Ridge,Largest deposits,4505,451,451,15,0.03325942350332594,0.03325942350332594,0.016910935738444193,45.15005549389567
2024-09-30,Ridge,PCA,4505,451,451,103,0.22838137472283815,0.22838137472283815,0.12891113892365458,45.15005549389567
2024-09-30,Ridge,Isolation Forest 42,4505,451,451,205,0.45454545454545453,0.45454545454545453,0.29411764705882354,45.15005549389567
2024-09-30,Ridge,Isolation Forest 7,4505,451,451,186,0.4124168514412417,0.4124168514412417,0.25977653631284914,45.15005549389567
2024-09-30,Ridge,Isolation Forest 99,4505,451,451,176,0.3902439024390244,0.3902439024390244,0.24242424242424243,45.15005549389567
2024-09-30,Ridge,Autoencoder 42,4505,451,451,119,0.2638580931263858,0.2638580931263858,0.15197956577266922,45.15005549389567
2024-09-30,Ridge,Autoencoder 7,4505,451,451,134,0.29711751662971175,0.29711751662971175,0.17447916666666666,45.15005549389567
2024-09-30,Ridge,Autoencoder 99,4505,451,451,110,0.24390243902439024,0.24390243902439024,0.1388888888888889,45.15005549389567
2024-09-30,Ridge,PCA without size,4505,451,451,101,0.22394678492239467,0.22394678492239467,0.12609238451935081,45.15005549389567
2024-09-30,Ridge,Isolation Forest 42 without size,4505,451,451,251,0.5565410199556541,0.5565410199556541,0.38556067588325654,45.15005549389567
2024-09-30,Ridge,Isolation Forest 7 without size,4505,451,451,247,0.5476718403547672,0.5476718403547672,0.37709923664122136,45.15005549389567
2024-09-30,Ridge,Isolation Forest 99 without size,4505,451,451,236,0.5232815964523282,0.5232815964523282,0.35435435435435436,45.15005549389567
2024-09-30,Ridge,Autoencoder 42 without size,4505,451,451,130,0.28824833702882485,0.28824833702882485,0.16839378238341968,45.15005549389567
2024-09-30,Ridge,Autoencoder 7 without size,4505,451,451,131,0.29046563192904656,0.29046563192904656,0.16990920881971466,45.15005549389567
2024-09-30,Ridge,Autoencoder 99 without size,4505,451,451,146,0.3237250554323725,0.3237250554323725,0.1931216931216931,45.15005549389567
2024-09-30,MLP,Low equity/assets,4505,451,451,147,0.3259423503325942,0.3259423503325942,0.1947019867549669,45.15005549389567
2024-09-30,MLP,Largest deposits,4505,451,451,12,0.026607538802660754,0.026607538802660754,0.01348314606741573,45.15005549389567
2024-09-30,MLP,PCA,4505,451,451,112,0.24833702882483372,0.24833702882483372,0.14177215189873418,45.15005549389567
2024-09-30,MLP,Isolation Forest 42,4505,451,451,184,0.4079822616407982,0.4079822616407982,0.2562674094707521,45.15005549389567
2024-09-30,MLP,Isolation Forest 7,4505,451,451,175,0.38802660753880264,0.38802660753880264,0.2407152682255846,45.15005549389567
2024-09-30,MLP,Isolation Forest 99,4505,451,451,165,0.36585365853658536,0.36585365853658536,0.22388059701492538,45.15005549389567
2024-09-30,MLP,Autoencoder 42,4505,451,451,134,0.29711751662971175,0.29711751662971175,0.17447916666666666,45.15005549389567
2024-09-30,MLP,Autoencoder 7,4505,451,451,148,0.328159645232816,0.328159645232816,0.1962864721485411,45.15005549389567
2024-09-30,MLP,Autoencoder 99,4505,451,451,122,0.270509977827051,0.270509977827051,0.1564102564102564,45.15005549389567
2024-09-30,MLP,PCA without size,4505,451,451,107,0.23725055432372505,0.23725055432372505,0.13459119496855346,45.15005549389567
2024-09-30,MLP,Isolation Forest 42 without size,4505,451,451,202,0.44789356984478934,0.44789356984478934,0.2885714285714286,45.15005549389567
2024-09-30,MLP,Isolation Forest 7 without size,4505,451,451,195,0.43237250554323725,0.43237250554323725,0.2758132956152758,45.15005549389567
2024-09-30,MLP,Isolation Forest 99 without size,4505,451,451,197,0.43680709534368073,0.43680709534368073,0.2794326241134752,45.15005549389567
2024-09-30,MLP,Autoencoder 42 without size,4505,451,451,141,0.31263858093126384,0.31263858093126384,0.18528252299605782,45.15005549389567
2024-09-30,MLP,Autoencoder 7 without size,4505,451,451,139,0.3082039911308204,0.3082039911308204,0.182175622542595,45.15005549389567
2024-09-30,MLP,Autoencoder 99 without size,4505,451,451,143,0.3170731707317073,0.3170731707317073,0.18840579710144928,45.15005549389567
2024-09-30,Low equity/assets,Largest deposits,4505,451,451,22,0.04878048780487805,0.04878048780487805,0.025,45.15005549389567
2024-09-30,Low equity/assets,PCA,4505,451,451,30,0.06651884700665188,0.06651884700665188,0.034403669724770644,45.15005549389567
2024-09-30,Low equity/assets,Isolation Forest 42,4505,451,451,75,0.1662971175166297,0.1662971175166297,0.09068923821039904,45.15005549389567
2024-09-30,Low equity/assets,Isolation Forest 7,4505,451,451,70,0.15521064301552107,0.15521064301552107,0.08413461538461539,45.15005549389567
2024-09-30,Low equity/assets,Isolation Forest 99,4505,451,451,56,0.12416851441241686,0.12416851441241686,0.06619385342789598,45.15005549389567
2024-09-30,Low equity/assets,Autoencoder 42,4505,451,451,61,0.1352549889135255,0.1352549889135255,0.07253269916765755,45.15005549389567
2024-09-30,Low equity/assets,Autoencoder 7,4505,451,451,85,0.188470066518847,0.188470066518847,0.10403916768665851,45.15005549389567
2024-09-30,Low equity/assets,Autoencoder 99,4505,451,451,46,0.10199556541019955,0.10199556541019955,0.053738317757009345,45.15005549389567
2024-09-30,Low equity/assets,PCA without size,4505,451,451,33,0.07317073170731707,0.07317073170731707,0.0379746835443038,45.15005549389567
2024-09-30,Low equity/assets,Isolation Forest 42 without size,4505,451,451,93,0.20620842572062084,0.20620842572062084,0.11495673671199011,45.15005549389567
2024-09-30,Low equity/assets,Isolation Forest 7 without size,4505,451,451,90,0.19955654101995565,0.19955654101995565,0.11083743842364532,45.15005549389567
2024-09-30,Low equity/assets,Isolation Forest 99 without size,4505,451,451,84,0.18625277161862527,0.18625277161862527,0.10268948655256724,45.15005549389567
2024-09-30,Low equity/assets,Autoencoder 42 without size,4505,451,451,78,0.1729490022172949,0.1729490022172949,0.09466019417475728,45.15005549389567
2024-09-30,Low equity/assets,Autoencoder 7 without size,4505,451,451,92,0.2039911308203991,0.2039911308203991,0.11358024691358025,45.15005549389567
2024-09-30,Low equity/assets,Autoencoder 99 without size,4505,451,451,105,0.2328159645232816,0.2328159645232816,0.13174404015056462,45.15005549389567
2024-09-30,Largest deposits,PCA,4505,451,451,50,0.11086474501108648,0.11086474501108648,0.05868544600938967,45.15005549389567
2024-09-30,Largest deposits,Isolation Forest 42,4505,451,451,109,0.24168514412416853,0.24168514412416853,0.13745271122320302,45.15005549389567
2024-09-30,Largest deposits,Isolation Forest 7,4505,451,451,118,0.2616407982261641,0.2616407982261641,0.15051020408163265,45.15005549389567
2024-09-30,Largest deposits,Isolation Forest 99,4505,451,451,127,0.28159645232815966,0.28159645232815966,0.1638709677419355,45.15005549389567
2024-09-30,Largest deposits,Autoencoder 42,4505,451,451,55,0.12195121951219512,0.12195121951219512,0.06493506493506493,45.15005549389567
2024-09-30,Largest deposits,Autoencoder 7,4505,451,451,52,0.11529933481152993,0.11529933481152993,0.0611764705882353,45.15005549389567
2024-09-30,Largest deposits,Autoencoder 99,4505,451,451,53,0.11751662971175167,0.11751662971175167,0.0624263839811543,45.15005549389567
2024-09-30,Largest deposits,PCA without size,4505,451,451,48,0.10643015521064302,0.10643015521064302,0.05620608899297424,45.15005549389567
2024-09-30,Largest deposits,Isolation Forest 42 without size,4505,451,451,27,0.0598669623059867,0.0598669623059867,0.030857142857142857,45.15005549389567
2024-09-30,Largest deposits,Isolation Forest 7 without size,4505,451,451,27,0.0598669623059867,0.0598669623059867,0.030857142857142857,45.15005549389567
2024-09-30,Largest deposits,Isolation Forest 99 without size,4505,451,451,28,0.06208425720620843,0.06208425720620843,0.032036613272311214,45.15005549389567
2024-09-30,Largest deposits,Autoencoder 42 without size,4505,451,451,44,0.0975609756097561,0.0975609756097561,0.05128205128205128,45.15005549389567
2024-09-30,Largest deposits,Autoencoder 7 without size,4505,451,451,49,0.10864745011086474,0.10864745011086474,0.05744431418522861,45.15005549389567
2024-09-30,Largest deposits,Autoencoder 99 without size,4505,451,451,43,0.09534368070953436,0.09534368070953436,0.050058207217694994,45.15005549389567
2024-09-30,PCA,Isolation Forest 42,4505,451,451,165,0.36585365853658536,0.36585365853658536,0.22388059701492538,45.15005549389567
2024-09-30,PCA,Isolation Forest 7,4505,451,451,161,0.35698447893569846,0.35698447893569846,0.21727395411605938,45.15005549389567
2024-09-30,PCA,Isolation Forest 99,4505,451,451,161,0.35698447893569846,0.35698447893569846,0.21727395411605938,45.15005549389567
2024-09-30,PCA,Autoencoder 42,4505,451,451,323,0.7161862527716186,0.7161862527716186,0.5578583765112263,45.15005549389567
2024-09-30,PCA,Autoencoder 7,4505,451,451,296,0.656319290465632,0.656319290465632,0.4884488448844885,45.15005549389567
2024-09-30,PCA,Autoencoder 99,4505,451,451,330,0.7317073170731707,0.7317073170731707,0.5769230769230769,45.15005549389567
2024-09-30,PCA,PCA without size,4505,451,451,396,0.8780487804878049,0.8780487804878049,0.782608695652174,45.15005549389567
2024-09-30,PCA,Isolation Forest 42 without size,4505,451,451,173,0.3835920177383592,0.3835920177383592,0.23731138545953362,45.15005549389567
2024-09-30,PCA,Isolation Forest 7 without size,4505,451,451,176,0.3902439024390244,0.3902439024390244,0.24242424242424243,45.15005549389567
2024-09-30,PCA,Isolation Forest 99 without size,4505,451,451,177,0.3924611973392461,0.3924611973392461,0.24413793103448275,45.15005549389567
2024-09-30,PCA,Autoencoder 42 without size,4505,451,451,314,0.6962305986696231,0.6962305986696231,0.5340136054421769,45.15005549389567
2024-09-30,PCA,Autoencoder 7 without size,4505,451,451,307,0.6807095343680709,0.6807095343680709,0.5159663865546219,45.15005549389567
2024-09-30,PCA,Autoencoder 99 without size,4505,451,451,300,0.6651884700665188,0.6651884700665188,0.4983388704318937,45.15005549389567
2024-09-30,Isolation Forest 42,Isolation Forest 7,4505,451,451,415,0.9201773835920177,0.9201773835920177,0.8521560574948666,45.15005549389567
2024-09-30,Isolation Forest 42,Isolation Forest 99,4505,451,451,409,0.9068736141906873,0.9068736141906873,0.8296146044624746,45.15005549389567
2024-09-30,Isolation Forest 42,Autoencoder 42,4505,451,451,187,0.4146341463414634,0.4146341463414634,0.26153846153846155,45.15005549389567
2024-09-30,Isolation Forest 42,Autoencoder 7,4505,451,451,189,0.4190687361419069,0.4190687361419069,0.2650771388499299,45.15005549389567
2024-09-30,Isolation Forest 42,Autoencoder 99,4505,451,451,188,0.41685144124168516,0.41685144124168516,0.26330532212885155,45.15005549389567
2024-09-30,Isolation Forest 42,PCA without size,4505,451,451,168,0.37250554323725055,0.37250554323725055,0.22888283378746593,45.15005549389567
2024-09-30,Isolation Forest 42,Isolation Forest 42 without size,4505,451,451,352,0.7804878048780488,0.7804878048780488,0.64,45.15005549389567
2024-09-30,Isolation Forest 42,Isolation Forest 7 without size,4505,451,451,351,0.7782705099778271,0.7782705099778271,0.6370235934664247,45.15005549389567
2024-09-30,Isolation Forest 42,Isolation Forest 99 without size,4505,451,451,348,0.7716186252771619,0.7716186252771619,0.628158844765343,45.15005549389567
2024-09-30,Isolation Forest 42,Autoencoder 42 without size,4505,451,451,180,0.3991130820399113,0.3991130820399113,0.24930747922437674,45.15005549389567
2024-09-30,Isolation Forest 42,Autoencoder 7 without size,4505,451,451,184,0.4079822616407982,0.4079822616407982,0.2562674094707521,45.15005549389567
2024-09-30,Isolation Forest 42,Autoencoder 99 without size,4505,451,451,193,0.4279379157427938,0.4279379157427938,0.27221438645980256,45.15005549389567
2024-09-30,Isolation Forest 7,Isolation Forest 99,4505,451,451,419,0.9290465631929047,0.9290465631929047,0.8674948240165632,45.15005549389567
2024-09-30,Isolation Forest 7,Autoencoder 42,4505,451,451,182,0.4035476718403548,0.4035476718403548,0.25277777777777777,45.15005549389567
2024-09-30,Isolation Forest 7,Autoencoder 7,4505,451,451,185,0.41019955654101997,0.41019955654101997,0.2580195258019526,45.15005549389567
2024-09-30,Isolation Forest 7,Autoencoder 99,4505,451,451,186,0.4124168514412417,0.4124168514412417,0.25977653631284914,45.15005549389567
2024-09-30,Isolation Forest 7,PCA without size,4505,451,451,165,0.36585365853658536,0.36585365853658536,0.22388059701492538,45.15005549389567
2024-09-30,Isolation Forest 7,Isolation Forest 42 without size,4505,451,451,349,0.7738359201773836,0.7738359201773836,0.6311030741410488,45.15005549389567
2024-09-30,Isolation Forest 7,Isolation Forest 7 without size,4505,451,451,349,0.7738359201773836,0.7738359201773836,0.6311030741410488,45.15005549389567
2024-09-30,Isolation Forest 7,Isolation Forest 99 without size,4505,451,451,349,0.7738359201773836,0.7738359201773836,0.6311030741410488,45.15005549389567
2024-09-30,Isolation Forest 7,Autoencoder 42 without size,4505,451,451,174,0.3858093126385809,0.3858093126385809,0.23901098901098902,45.15005549389567
2024-09-30,Isolation Forest 7,Autoencoder 7 without size,4505,451,451,179,0.3968957871396896,0.3968957871396896,0.2475795297372061,45.15005549389567
2024-09-30,Isolation Forest 7,Autoencoder 99 without size,4505,451,451,188,0.41685144124168516,0.41685144124168516,0.26330532212885155,45.15005549389567
2024-09-30,Isolation Forest 99,Autoencoder 42,4505,451,451,178,0.3946784922394678,0.3946784922394678,0.24585635359116023,45.15005549389567
2024-09-30,Isolation Forest 99,Autoencoder 7,4505,451,451,178,0.3946784922394678,0.3946784922394678,0.24585635359116023,45.15005549389567
2024-09-30,Isolation Forest 99,Autoencoder 99,4505,451,451,183,0.4057649667405765,0.4057649667405765,0.2545201668984701,45.15005549389567
2024-09-30,Isolation Forest 99,PCA without size,4505,451,451,164,0.36363636363636365,0.36363636363636365,0.2222222222222222,45.15005549389567
2024-09-30,Isolation Forest 99,Isolation Forest 42 without size,4505,451,451,340,0.753880266075388,0.753880266075388,0.604982206405694,45.15005549389567
2024-09-30,Isolation Forest 99,Isolation Forest 7 without size,4505,451,451,343,0.7605321507760532,0.7605321507760532,0.6135957066189625,45.15005549389567
2024-09-30,Isolation Forest 99,Isolation Forest 99 without size,4505,451,451,341,0.7560975609756098,0.7560975609756098,0.6078431372549019,45.15005549389567
2024-09-30,Isolation Forest 99,Autoencoder 42 without size,4505,451,451,171,0.37915742793791574,0.37915742793791574,0.23392612859097128,45.15005549389567
2024-09-30,Isolation Forest 99,Autoencoder 7 without size,4505,451,451,173,0.3835920177383592,0.3835920177383592,0.23731138545953362,45.15005549389567
2024-09-30,Isolation Forest 99,Autoencoder 99 without size,4505,451,451,177,0.3924611973392461,0.3924611973392461,0.24413793103448275,45.15005549389567
2024-09-30,Autoencoder 42,Autoencoder 7,4505,451,451,401,0.8891352549889135,0.8891352549889135,0.8003992015968064,45.15005549389567
2024-09-30,Autoencoder 42,Autoencoder 99,4505,451,451,410,0.9090909090909091,0.9090909090909091,0.8333333333333334,45.15005549389567
2024-09-30,Autoencoder 42,PCA without size,4505,451,451,301,0.6674057649667405,0.6674057649667405,0.5008319467554077,45.15005549389567
2024-09-30,Autoencoder 42,Isolation Forest 42 without size,4505,451,451,203,0.4501108647450111,0.4501108647450111,0.290414878397711,45.15005549389567
2024-09-30,Autoencoder 42,Isolation Forest 7 without size,4505,451,451,204,0.4523281596452328,0.4523281596452328,0.2922636103151863,45.15005549389567
2024-09-30,Autoencoder 42,Isolation Forest 99 without size,4505,451,451,205,0.45454545454545453,0.45454545454545453,0.29411764705882354,45.15005549389567
2024-09-30,Autoencoder 42,Autoencoder 42 without size,4505,451,451,382,0.8470066518847007,0.8470066518847007,0.7346153846153847,45.15005549389567
2024-09-30,Autoencoder 42,Autoencoder 7 without size,4505,451,451,382,0.8470066518847007,0.8470066518847007,0.7346153846153847,45.15005549389567
2024-09-30,Autoencoder 42,Autoencoder 99 without size,4505,451,451,364,0.8070953436807096,0.8070953436807096,0.6765799256505576,45.15005549389567
2024-09-30,Autoencoder 7,Autoencoder 99,4505,451,451,386,0.8558758314855875,0.8558758314855875,0.748062015503876,45.15005549389567
2024-09-30,Autoencoder 7,PCA without size,4505,451,451,281,0.623059866962306,0.623059866962306,0.4524959742351047,45.15005549389567
2024-09-30,Autoencoder 7,Isolation Forest 42 without size,4505,451,451,211,0.4678492239467849,0.4678492239467849,0.3053545586107091,45.15005549389567
2024-09-30,Autoencoder 7,Isolation Forest 7 without size,4505,451,451,209,0.4634146341463415,0.4634146341463415,0.30158730158730157,45.15005549389567
2024-09-30,Autoencoder 7,Isolation Forest 99 without size,4505,451,451,208,0.4611973392461197,0.4611973392461197,0.29971181556195964,45.15005549389567
2024-09-30,Autoencoder 7,Autoencoder 42 without size,4505,451,451,387,0.8580931263858093,0.8580931263858093,0.7514563106796116,45.15005549389567
2024-09-30,Autoencoder 7,Autoencoder 7 without size,4505,451,451,388,0.8603104212860311,0.8603104212860311,0.754863813229572,45.15005549389567
2024-09-30,Autoencoder 7,Autoencoder 99 without size,4505,451,451,376,0.8337028824833703,0.8337028824833703,0.714828897338403,45.15005549389567
2024-09-30,Autoencoder 99,PCA without size,4505,451,451,307,0.6807095343680709,0.6807095343680709,0.5159663865546219,45.15005549389567
2024-09-30,Autoencoder 99,Isolation Forest 42 without size,4505,451,451,201,0.44567627494456763,0.44567627494456763,0.2867332382310984,45.15005549389567
2024-09-30,Autoencoder 99,Isolation Forest 7 without size,4505,451,451,203,0.4501108647450111,0.4501108647450111,0.290414878397711,45.15005549389567
2024-09-30,Autoencoder 99,Isolation Forest 99 without size,4505,451,451,204,0.4523281596452328,0.4523281596452328,0.2922636103151863,45.15005549389567
2024-09-30,Autoencoder 99,Autoencoder 42 without size,4505,451,451,378,0.8381374722838137,0.8381374722838137,0.7213740458015268,45.15005549389567
2024-09-30,Autoencoder 99,Autoencoder 7 without size,4505,451,451,373,0.8270509977827051,0.8270509977827051,0.7051039697542533,45.15005549389567
2024-09-30,Autoencoder 99,Autoencoder 99 without size,4505,451,451,356,0.7893569844789357,0.7893569844789357,0.652014652014652,45.15005549389567
2024-09-30,PCA without size,Isolation Forest 42 without size,4505,451,451,174,0.3858093126385809,0.3858093126385809,0.23901098901098902,45.15005549389567
2024-09-30,PCA without size,Isolation Forest 7 without size,4505,451,451,177,0.3924611973392461,0.3924611973392461,0.24413793103448275,45.15005549389567
2024-09-30,PCA without size,Isolation Forest 99 without size,4505,451,451,179,0.3968957871396896,0.3968957871396896,0.2475795297372061,45.15005549389567
2024-09-30,PCA without size,Autoencoder 42 without size,4505,451,451,291,0.6452328159645233,0.6452328159645233,0.4762684124386252,45.15005549389567
2024-09-30,PCA without size,Autoencoder 7 without size,4505,451,451,293,0.6496674057649667,0.6496674057649667,0.48111658456486045,45.15005549389567
2024-09-30,PCA without size,Autoencoder 99 without size,4505,451,451,278,0.6164079822616408,0.6164079822616408,0.44551282051282054,45.15005549389567
2024-09-30,Isolation Forest 42 without size,Isolation Forest 7 without size,4505,451,451,429,0.9512195121951219,0.9512195121951219,0.9069767441860465,45.15005549389567
2024-09-30,Isolation Forest 42 without size,Isolation Forest 99 without size,4505,451,451,427,0.9467849223946785,0.9467849223946785,0.8989473684210526,45.15005549389567
2024-09-30,Isolation Forest 42 without size,Autoencoder 42 without size,4505,451,451,207,0.458980044345898,0.458980044345898,0.29784172661870506,45.15005549389567
2024-09-30,Isolation Forest 42 without size,Autoencoder 7 without size,4505,451,451,211,0.4678492239467849,0.4678492239467849,0.3053545586107091,45.15005549389567
2024-09-30,Isolation Forest 42 without size,Autoencoder 99 without size,4505,451,451,222,0.49223946784922396,0.49223946784922396,0.3264705882352941,45.15005549389567
2024-09-30,Isolation Forest 7 without size,Isolation Forest 99 without size,4505,451,451,426,0.9445676274944568,0.9445676274944568,0.8949579831932774,45.15005549389567
2024-09-30,Isolation Forest 7 without size,Autoencoder 42 without size,4505,451,451,206,0.4567627494456763,0.4567627494456763,0.2959770114942529,45.15005549389567
2024-09-30,Isolation Forest 7 without size,Autoencoder 7 without size,4505,451,451,209,0.4634146341463415,0.4634146341463415,0.30158730158730157,45.15005549389567
2024-09-30,Isolation Forest 7 without size,Autoencoder 99 without size,4505,451,451,219,0.48558758314855877,0.48558758314855877,0.3206442166910688,45.15005549389567
2024-09-30,Isolation Forest 99 without size,Autoencoder 42 without size,4505,451,451,207,0.458980044345898,0.458980044345898,0.29784172661870506,45.15005549389567
2024-09-30,Isolation Forest 99 without size,Autoencoder 7 without size,4505,451,451,211,0.4678492239467849,0.4678492239467849,0.3053545586107091,45.15005549389567
2024-09-30,Isolation Forest 99 without size,Autoencoder 99 without size,4505,451,451,217,0.4811529933481153,0.4811529933481153,0.3167883211678832,45.15005549389567
2024-09-30,Autoencoder 42 without size,Autoencoder 7 without size,4505,451,451,393,0.8713968957871396,0.8713968957871396,0.7721021611001965,45.15005549389567
2024-09-30,Autoencoder 42 without size,Autoencoder 99 without size,4505,451,451,374,0.8292682926829268,0.8292682926829268,0.7083333333333334,45.15005549389567
2024-09-30,Autoencoder 7 without size,Autoencoder 99 without size,4505,451,451,378,0.8381374722838137,0.8381374722838137,0.7213740458015268,45.15005549389567
All three quarters,Autoencoder 42,Autoencoder 42 without size,13576,1359,1359,1147,0.8440029433406917,0.8440029433406917,0.7301082113303629,136.0401726241462
All three quarters,Autoencoder 42,Autoencoder 7,13576,1359,1359,1190,0.8756438557763061,0.8756438557763061,0.7787958115183246,136.0401726241462
All three quarters,Autoencoder 42,Autoencoder 7 without size,13576,1359,1359,1145,0.8425312729948492,0.8425312729948492,0.7279084551811824,136.0401726241462
All three quarters,Autoencoder 42,Autoencoder 99,13576,1359,1359,1227,0.9028697571743929,0.9028697571743929,0.8229376257545271,136.0401726241462
All three quarters,Autoencoder 42,Autoencoder 99 without size,13576,1359,1359,1105,0.8130978660779985,0.8130978660779985,0.685058896466212,136.0401726241462
All three quarters,Autoencoder 42,Isolation Forest 42 without size,13576,1359,1359,602,0.4429727740986019,0.4429727740986019,0.2844990548204159,136.0401726241462
All three quarters,Autoencoder 42,Isolation Forest 7 without size,13576,1359,1359,592,0.43561442236938924,0.43561442236938924,0.27845719661335844,136.0401726241462
All three quarters,Autoencoder 42,Isolation Forest 99 without size,13576,1359,1359,606,0.445916114790287,0.445916114790287,0.2869318181818182,136.0401726241462
All three quarters,Autoencoder 42,PCA without size,13576,1359,1359,916,0.6740250183958794,0.6740250183958794,0.5083240843507214,136.0401726241462
All three quarters,Autoencoder 42 without size,Autoencoder 7 without size,13576,1359,1359,1169,0.8601913171449596,0.8601913171449596,0.7546804389928986,136.0401726241462
All three quarters,Autoencoder 42 without size,Autoencoder 99 without size,13576,1359,1359,1126,0.8285504047093452,0.8285504047093452,0.707286432160804,136.0401726241462
All three quarters,Autoencoder 7,Autoencoder 42 without size,13576,1359,1359,1157,0.8513612950699043,0.8513612950699043,0.7411915438821268,136.0401726241462
All three quarters,Autoencoder 7,Autoencoder 7 without size,13576,1359,1359,1164,0.8565121412803532,0.8565121412803532,0.749034749034749,136.0401726241462
All three quarters,Autoencoder 7,Autoencoder 99,13576,1359,1359,1167,0.8587196467991169,0.8587196467991169,0.7524177949709865,136.0401726241462
All three quarters,Autoencoder 7,Autoencoder 99 without size,13576,1359,1359,1146,0.8432671081677704,0.8432671081677704,0.7290076335877863,136.0401726241462
All three quarters,Autoencoder 7,Isolation Forest 42 without size,13576,1359,1359,637,0.4687270051508462,0.4687270051508462,0.30610283517539644,136.0401726241462
All three quarters,Autoencoder 7,Isolation Forest 7 without size,13576,1359,1359,619,0.4554819720382634,0.4554819720382634,0.2949023344449738,136.0401726241462
All three quarters,Autoencoder 7,Isolation Forest 99 without size,13576,1359,1359,626,0.4606328182487123,0.4606328182487123,0.29923518164435947,136.0401726241462
All three quarters,Autoencoder 7,PCA without size,13576,1359,1359,835,0.6144223693892568,0.6144223693892568,0.443441317047265,136.0401726241462
All three quarters,Autoencoder 7 without size,Autoencoder 99 without size,13576,1359,1359,1156,0.8506254598969831,0.8506254598969831,0.7400768245838668,136.0401726241462
All three quarters,Autoencoder 99,Autoencoder 42 without size,13576,1359,1359,1133,0.833701250919794,0.833701250919794,0.714826498422713,136.0401726241462
All three quarters,Autoencoder 99,Autoencoder 7 without size,13576,1359,1359,1121,0.8248712288447387,0.8248712288447387,0.701941139636819,136.0401726241462
All three quarters,Autoencoder 99,Autoencoder 99 without size,13576,1359,1359,1090,0.8020603384841796,0.8020603384841796,0.6695331695331695,136.0401726241462
All three quarters,Autoencoder 99,Isolation Forest 42 without size,13576,1359,1359,595,0.43782192788815305,0.43782192788815305,0.2802637776731041,136.0401726241462
All three quarters,Autoencoder 99,Isolation Forest 7 without size,13576,1359,1359,587,0.43193524650478293,0.43193524650478293,0.2754575316752698,136.0401726241462
All three quarters,Autoencoder 99,Isolation Forest 99 without size,13576,1359,1359,605,0.4451802796173657,0.4451802796173657,0.2863227638428774,136.0401726241462
All three quarters,Autoencoder 99,PCA without size,13576,1359,1359,918,0.6754966887417219,0.6754966887417219,0.51,136.0401726241462
All three quarters,Isolation Forest 42,Autoencoder 42,13576,1359,1359,561,0.41280353200883,0.41280353200883,0.26008344923504867,136.0401726241462
All three quarters,Isolation Forest 42,Autoencoder 42 without size,13576,1359,1359,542,0.398822663723326,0.398822663723326,0.24908088235294118,136.0401726241462
All three quarters,Isolation Forest 42,Autoencoder 7,13576,1359,1359,568,0.4179543782192789,0.4179543782192789,0.2641860465116279,136.0401726241462
All three quarters,Isolation Forest 42,Autoencoder 7 without size,13576,1359,1359,548,0.4032376747608536,0.4032376747608536,0.25253456221198156,136.0401726241462
All three quarters,Isolation Forest 42,Autoencoder 99,13576,1359,1359,563,0.4142752023546726,0.4142752023546726,0.2612529002320186,136.0401726241462
All three quarters,Isolation Forest 42,Autoencoder 99 without size,13576,1359,1359,580,0.42678440029433407,0.42678440029433407,0.27128157156220767,136.0401726241462
All three quarters,Isolation Forest 42,Isolation Forest 42 without size,13576,1359,1359,1066,0.7844002943340692,0.7844002943340692,0.6452784503631961,136.0401726241462
All three quarters,Isolation Forest 42,Isolation Forest 7,13576,1359,1359,1250,0.919793966151582,0.919793966151582,0.8514986376021798,136.0401726241462
All three quarters,Isolation Forest 42,Isolation Forest 7 without size,13576,1359,1359,1061,0.7807211184694628,0.7807211184694628,0.6403138201569101,136.0401726241462
All three quarters,Isolation Forest 42,Isolation Forest 99,13576,1359,1359,1226,0.9021339220014717,0.9021339220014717,0.82171581769437,136.0401726241462
All three quarters,Isolation Forest 42,Isolation Forest 99 without size,13576,1359,1359,1062,0.7814569536423841,0.7814569536423841,0.6413043478260869,136.0401726241462
All three quarters,Isolation Forest 42,PCA without size,13576,1359,1359,511,0.37601177336276675,0.37601177336276675,0.23153602174898053,136.0401726241462
All three quarters,Isolation Forest 42 without size,Autoencoder 42 without size,13576,1359,1359,614,0.4518027961736571,0.4518027961736571,0.29182509505703425,136.0401726241462
All three quarters,Isolation Forest 42 without size,Autoencoder 7 without size,13576,1359,1359,636,0.46799116997792495,0.46799116997792495,0.30547550432276654,136.0401726241462
All three quarters,Isolation Forest 42 without size,Autoencoder 99 without size,13576,1359,1359,668,0.4915378955114054,0.4915378955114054,0.3258536585365854,136.0401726241462
All three quarters,Isolation Forest 42 without size,Isolation Forest 7 without size,13576,1359,1359,1287,0.9470198675496688,0.9470198675496688,0.89937106918239,136.0401726241462
All three quarters,Isolation Forest 42 without size,Isolation Forest 99 without size,13576,1359,1359,1278,0.9403973509933775,0.9403973509933775,0.8875,136.0401726241462
All three quarters,Isolation Forest 7,Autoencoder 42,13576,1359,1359,554,0.40765268579838115,0.40765268579838115,0.256007393715342,136.0401726241462
All three quarters,Isolation Forest 7,Autoencoder 42 without size,13576,1359,1359,530,0.3899926416482708,0.3899926416482708,0.24223034734917734,136.0401726241462
All three quarters,Isolation Forest 7,Autoencoder 7,13576,1359,1359,562,0.41353936718175127,0.41353936718175127,0.2606679035250464,136.0401726241462
All three quarters,Isolation Forest 7,Autoencoder 7 without size,13576,1359,1359,538,0.3958793230316409,0.3958793230316409,0.2467889908256881,136.0401726241462
All three quarters,Isolation Forest 7,Autoencoder 99,13576,1359,1359,559,0.41133186166298746,0.41133186166298746,0.2589161648911533,136.0401726241462
All three quarters,Isolation Forest 7,Autoencoder 99 without size,13576,1359,1359,564,0.41501103752759383,0.41501103752759383,0.2618384401114206,136.0401726241462
All three quarters,Isolation Forest 7,Isolation Forest 42 without size,13576,1359,1359,1047,0.7704194260485652,0.7704194260485652,0.6265709156193896,136.0401726241462
All three quarters,Isolation Forest 7,Isolation Forest 7 without size,13576,1359,1359,1048,0.7711552612214864,0.7711552612214864,0.6275449101796408,136.0401726241462
All three quarters,Isolation Forest 7,Isolation Forest 99,13576,1359,1359,1266,0.9315673289183223,0.9315673289183223,0.871900826446281,136.0401726241462
All three quarters,Isolation Forest 7,Isolation Forest 99 without size,13576,1359,1359,1057,0.7777777777777778,0.7777777777777778,0.6363636363636364,136.0401726241462
All three quarters,Isolation Forest 7,PCA without size,13576,1359,1359,498,0.36644591611479027,0.36644591611479027,0.22432432432432434,136.0401726241462
All three quarters,Isolation Forest 7 without size,Autoencoder 42 without size,13576,1359,1359,599,0.4407652685798381,0.4407652685798381,0.2826805096743747,136.0401726241462
All three quarters,Isolation Forest 7 without size,Autoencoder 7 without size,13576,1359,1359,614,0.4518027961736571,0.4518027961736571,0.29182509505703425,136.0401726241462
All three quarters,Isolation Forest 7 without size,Autoencoder 99 without size,13576,1359,1359,650,0.4782928623988227,0.4782928623988227,0.31431334622823986,136.0401726241462
All three quarters,Isolation Forest 7 without size,Isolation Forest 99 without size,13576,1359,1359,1269,0.9337748344370861,0.9337748344370861,0.8757763975155279,136.0401726241462
All three quarters,Isolation Forest 99,Autoencoder 42,13576,1359,1359,543,0.3995584988962472,0.3995584988962472,0.2496551724137931,136.0401726241462
All three quarters,Isolation Forest 99,Autoencoder 42 without size,13576,1359,1359,520,0.3826342899190581,0.3826342899190581,0.23657870791628755,136.0401726241462
All three quarters,Isolation Forest 99,Autoencoder 7,13576,1359,1359,538,0.3958793230316409,0.3958793230316409,0.2467889908256881,136.0401726241462
All three quarters,Isolation Forest 99,Autoencoder 7 without size,13576,1359,1359,520,0.3826342899190581,0.3826342899190581,0.23657870791628755,136.0401726241462
All three quarters,Isolation Forest 99,Autoencoder 99,13576,1359,1359,552,0.40618101545253865,0.40618101545253865,0.2548476454293629,136.0401726241462
All three quarters,Isolation Forest 99,Autoencoder 99 without size,13576,1359,1359,539,0.39661515820456217,0.39661515820456217,0.24736117485084902,136.0401726241462
All three quarters,Isolation Forest 99,Isolation Forest 42 without size,13576,1359,1359,1017,0.7483443708609272,0.7483443708609272,0.5978835978835979,136.0401726241462
All three quarters,Isolation Forest 99,Isolation Forest 7 without size,13576,1359,1359,1020,0.7505518763796909,0.7505518763796909,0.6007067137809188,136.0401726241462
All three quarters,Isolation Forest 99,Isolation Forest 99 without size,13576,1359,1359,1023,0.7527593818984547,0.7527593818984547,0.6035398230088496,136.0401726241462
All three quarters,Isolation Forest 99,PCA without size,13576,1359,1359,492,0.3620309050772627,0.3620309050772627,0.2210242587601078,136.0401726241462
All three quarters,Isolation Forest 99 without size,Autoencoder 42 without size,13576,1359,1359,611,0.4495952906548933,0.4495952906548933,0.2899857617465591,136.0401726241462
All three quarters,Isolation Forest 99 without size,Autoencoder 7 without size,13576,1359,1359,628,0.46210448859455483,0.46210448859455483,0.3004784688995215,136.0401726241462
All three quarters,Isolation Forest 99 without size,Autoencoder 99 without size,13576,1359,1359,651,0.47902869757174393,0.47902869757174393,0.3149492017416546,136.0401726241462
All three quarters,Largest deposits,Autoencoder 42,13576,1359,1359,157,0.11552612214863871,0.11552612214863871,0.06130417805544709,136.0401726241462
All three quarters,Largest deposits,Autoencoder 42 without size,13576,1359,1359,126,0.09271523178807947,0.09271523178807947,0.04861111111111111,136.0401726241462
All three quarters,Largest deposits,Autoencoder 7,13576,1359,1359,141,0.10375275938189846,0.10375275938189846,0.05471478463329453,136.0401726241462
All three quarters,Largest deposits,Autoencoder 7 without size,13576,1359,1359,129,0.09492273730684327,0.09492273730684327,0.04982618771726535,136.0401726241462
All three quarters,Largest deposits,Autoencoder 99,13576,1359,1359,151,0.1111111111111111,0.1111111111111111,0.058823529411764705,136.0401726241462
All three quarters,Largest deposits,Autoencoder 99 without size,13576,1359,1359,130,0.09565857247976453,0.09565857247976453,0.05023183925811438,136.0401726241462
All three quarters,Largest deposits,Isolation Forest 42,13576,1359,1359,319,0.23473142016188372,0.23473142016188372,0.1329720716965402,136.0401726241462
All three quarters,Largest deposits,Isolation Forest 42 without size,13576,1359,1359,82,0.06033848417954378,0.06033848417954378,0.03110773899848255,136.0401726241462
All three quarters,Largest deposits,Isolation Forest 7,13576,1359,1359,354,0.26048565121412803,0.26048565121412803,0.14974619289340102,136.0401726241462
All three quarters,Largest deposits,Isolation Forest 7 without size,13576,1359,1359,84,0.06181015452538632,0.06181015452538632,0.03189066059225513,136.0401726241462
All three quarters,Largest deposits,Isolation Forest 99,13576,1359,1359,385,0.28329654157468726,0.28329654157468726,0.16502357479639948,136.0401726241462
All three quarters,Largest deposits,Isolation Forest 99 without size,13576,1359,1359,86,0.06328182487122884,0.06328182487122884,0.03267477203647416,136.0401726241462
All three quarters,Largest deposits,PCA,13576,1359,1359,148,0.10890360559234731,0.10890360559234731,0.05758754863813229,136.0401726241462
All three quarters,Largest deposits,PCA without size,13576,1359,1359,135,0.09933774834437085,0.09933774834437085,0.05226480836236934,136.0401726241462
All three quarters,Low equity/assets,Autoencoder 42,13576,1359,1359,157,0.11552612214863871,0.11552612214863871,0.06130417805544709,136.0401726241462
All three quarters,Low equity/assets,Autoencoder 42 without size,13576,1359,1359,210,0.1545253863134658,0.1545253863134658,0.08373205741626795,136.0401726241462
All three quarters,Low equity/assets,Autoencoder 7,13576,1359,1359,245,0.18027961736571008,0.18027961736571008,0.09906995551961181,136.0401726241462
All three quarters,Low equity/assets,Autoencoder 7 without size,13576,1359,1359,263,0.19352465047829287,0.19352465047829287,0.10712830957230142,136.0401726241462
All three quarters,Low equity/assets,Autoencoder 99,13576,1359,1359,119,0.0875643855776306,0.0875643855776306,0.04578684109272797,136.0401726241462
All three quarters,Low equity/assets,Autoencoder 99 without size,13576,1359,1359,298,0.21927888153053715,0.21927888153053715,0.1231404958677686,136.0401726241462
All three quarters,Low equity/assets,Isolation Forest 42,13576,1359,1359,222,0.16335540838852097,0.16335540838852097,0.0889423076923077,136.0401726241462
All three quarters,Low equity/assets,Isolation Forest 42 without size,13576,1359,1359,291,0.2141280353200883,0.2141280353200883,0.11990111248454882,136.0401726241462
All three quarters,Low equity/assets,Isolation Forest 7,13576,1359,1359,207,0.152317880794702,0.152317880794702,0.08243727598566308,136.0401726241462
All three quarters,Low equity/assets,Isolation Forest 7 without size,13576,1359,1359,296,0.21780721118469462,0.21780721118469462,0.1222130470685384,136.0401726241462
All three quarters,Low equity/assets,Isolation Forest 99,13576,1359,1359,168,0.12362030905077263,0.12362030905077263,0.06588235294117648,136.0401726241462
All three quarters,Low equity/assets,Isolation Forest 99 without size,13576,1359,1359,263,0.19352465047829287,0.19352465047829287,0.10712830957230142,136.0401726241462
All three quarters,Low equity/assets,Largest deposits,13576,1359,1359,64,0.047093451066961,0.047093451066961,0.024114544084400905,136.0401726241462
All three quarters,Low equity/assets,PCA,13576,1359,1359,73,0.05371596762325239,0.05371596762325239,0.0275992438563327,136.0401726241462
All three quarters,Low equity/assets,PCA without size,13576,1359,1359,75,0.05518763796909492,0.05518763796909492,0.028376844494892167,136.0401726241462
All three quarters,MLP,Autoencoder 42,13576,1359,1359,346,0.2545989698307579,0.2545989698307579,0.14586846543001686,136.0401726241462
All three quarters,MLP,Autoencoder 42 without size,13576,1359,1359,372,0.2737306843267108,0.2737306843267108,0.1585677749360614,136.0401726241462
All three quarters,MLP,Autoencoder 7,13576,1359,1359,384,0.282560706401766,0.282560706401766,0.16452442159383032,136.0401726241462
All three quarters,MLP,Autoencoder 7 without size,13576,1359,1359,378,0.2781456953642384,0.2781456953642384,0.16153846153846155,136.0401726241462
All three quarters,MLP,Autoencoder 99,13576,1359,1359,323,0.2376747608535688,0.2376747608535688,0.1348643006263048,136.0401726241462
All three quarters,MLP,Autoencoder 99 without size,13576,1359,1359,392,0.2884473877851361,0.2884473877851361,0.16852966466036112,136.0401726241462
All three quarters,MLP,Isolation Forest 42,13576,1359,1359,524,0.3855776306107432,0.3855776306107432,0.23883318140382861,136.0401726241462
All three quarters,MLP,Isolation Forest 42 without size,13576,1359,1359,576,0.423841059602649,0.423841059602649,0.2689075630252101,136.0401726241462
All three quarters,MLP,Isolation Forest 7,13576,1359,1359,486,0.3576158940397351,0.3576158940397351,0.21774193548387097,136.0401726241462
All three quarters,MLP,Isolation Forest 7 without size,13576,1359,1359,567,0.41721854304635764,0.41721854304635764,0.26359832635983266,136.0401726241462
All three quarters,MLP,Isolation Forest 99,13576,1359,1359,468,0.3443708609271523,0.3443708609271523,0.208,136.0401726241462
All three quarters,MLP,Isolation Forest 99 without size,13576,1359,1359,566,0.41648270787343633,0.41648270787343633,0.26301115241635686,136.0401726241462
All three quarters,MLP,Largest deposits,13576,1359,1359,42,0.03090507726269316,0.03090507726269316,0.01569506726457399,136.0401726241462
All three quarters,MLP,Low equity/assets,13576,1359,1359,453,0.3333333333333333,0.3333333333333333,0.2,136.0401726241462
All three quarters,MLP,PCA,13576,1359,1359,295,0.21707137601177337,0.21707137601177337,0.12174989682212134,136.0401726241462
All three quarters,MLP,PCA without size,13576,1359,1359,286,0.21044885945548197,0.21044885945548197,0.11759868421052631,136.0401726241462
All three quarters,PCA,Autoencoder 42,13576,1359,1359,983,0.7233259749816041,0.7233259749816041,0.5665706051873198,136.0401726241462
All three quarters,PCA,Autoencoder 42 without size,13576,1359,1359,954,0.7019867549668874,0.7019867549668874,0.5408163265306123,136.0401726241462
All three quarters,PCA,Autoencoder 7,13576,1359,1359,897,0.6600441501103753,0.6600441501103753,0.4925864909390445,136.0401726241462
All three quarters,PCA,Autoencoder 7 without size,13576,1359,1359,947,0.6968359087564385,0.6968359087564385,0.5347261434217956,136.0401726241462
All three quarters,PCA,Autoencoder 99,13576,1359,1359,1000,0.7358351729212657,0.7358351729212657,0.5820721769499418,136.0401726241462
All three quarters,PCA,Autoencoder 99 without size,13576,1359,1359,911,0.6703458425312729,0.6703458425312729,0.5041505257332596,136.0401726241462
All three quarters,PCA,Isolation Forest 42,13576,1359,1359,513,0.37748344370860926,0.37748344370860926,0.23265306122448978,136.0401726241462
All three quarters,PCA,Isolation Forest 42 without size,13576,1359,1359,532,0.3914643119941133,0.3914643119941133,0.2433668801463861,136.0401726241462
All three quarters,PCA,Isolation Forest 7,13576,1359,1359,496,0.36497424576894777,0.36497424576894777,0.2232223222322232,136.0401726241462
All three quarters,PCA,Isolation Forest 7 without size,13576,1359,1359,521,0.3833701250919794,0.3833701250919794,0.2371415566681839,136.0401726241462
All three quarters,PCA,Isolation Forest 99,13576,1359,1359,496,0.36497424576894777,0.36497424576894777,0.2232223222322232,136.0401726241462
All three quarters,PCA,Isolation Forest 99 without size,13576,1359,1359,543,0.3995584988962472,0.3995584988962472,0.2496551724137931,136.0401726241462
All three quarters,PCA,PCA without size,13576,1359,1359,1189,0.8749080206033848,0.8749080206033848,0.7776324395029431,136.0401726241462
All three quarters,PCA without size,Autoencoder 42 without size,13576,1359,1359,886,0.6519499632082414,0.6519499632082414,0.4836244541484716,136.0401726241462
All three quarters,PCA without size,Autoencoder 7 without size,13576,1359,1359,882,0.6490066225165563,0.6490066225165563,0.4803921568627451,136.0401726241462
All three quarters,PCA without size,Autoencoder 99 without size,13576,1359,1359,842,0.6195732155997057,0.6195732155997057,0.4488272921108742,136.0401726241462
All three quarters,PCA without size,Isolation Forest 42 without size,13576,1359,1359,530,0.3899926416482708,0.3899926416482708,0.24223034734917734,136.0401726241462
All three quarters,PCA without size,Isolation Forest 7 without size,13576,1359,1359,521,0.3833701250919794,0.3833701250919794,0.2371415566681839,136.0401726241462
All three quarters,PCA without size,Isolation Forest 99 without size,13576,1359,1359,541,0.3980868285504047,0.3980868285504047,0.24850711988975654,136.0401726241462
All three quarters,Ridge,Autoencoder 42,13576,1359,1359,331,0.24356144223693893,0.24356144223693893,0.13866778382907416,136.0401726241462
All three quarters,Ridge,Autoencoder 42 without size,13576,1359,1359,357,0.26269315673289184,0.26269315673289184,0.15120711562897077,136.0401726241462
All three quarters,Ridge,Autoencoder 7,13576,1359,1359,384,0.282560706401766,0.282560706401766,0.16452442159383032,136.0401726241462
All three quarters,Ridge,Autoencoder 7 without size,13576,1359,1359,383,0.28182487122884475,0.28182487122884475,0.1640256959314775,136.0401726241462
All three quarters,Ridge,Autoencoder 99,13576,1359,1359,303,0.2229580573951435,0.2229580573951435,0.12546583850931678,136.0401726241462
All three quarters,Ridge,Autoencoder 99 without size,13576,1359,1359,420,0.3090507726269316,0.3090507726269316,0.18276762402088773,136.0401726241462
All three quarters,Ridge,Isolation Forest 42,13576,1359,1359,640,0.47093451066961,0.47093451066961,0.30798845043310874,136.0401726241462
All three quarters,Ridge,Isolation Forest 42 without size,13576,1359,1359,747,0.5496688741721855,0.5496688741721855,0.3789954337899543,136.0401726241462
All three quarters,Ridge,Isolation Forest 7,13576,1359,1359,568,0.4179543782192789,0.4179543782192789,0.2641860465116279,136.0401726241462
All three quarters,Ridge,Isolation Forest 7 without size,13576,1359,1359,752,0.5533480500367918,0.5533480500367918,0.38250254323499494,136.0401726241462
All three quarters,Ridge,Isolation Forest 99,13576,1359,1359,540,0.3973509933774834,0.3973509933774834,0.24793388429752067,136.0401726241462
All three quarters,Ridge,Isolation Forest 99 without size,13576,1359,1359,714,0.5253863134657837,0.5253863134657837,0.3562874251497006,136.0401726241462
All three quarters,Ridge,Largest deposits,13576,1359,1359,40,0.029433406916850625,0.029433406916850625,0.014936519790888723,136.0401726241462
All three quarters,Ridge,Low equity/assets,13576,1359,1359,417,0.3068432671081678,0.3068432671081678,0.18122555410691005,136.0401726241462
All three quarters,Ridge,MLP,13576,1359,1359,661,0.4863870493009566,0.4863870493009566,0.32134175984443364,136.0401726241462
All three quarters,Ridge,PCA,13576,1359,1359,285,0.2097130242825607,0.2097130242825607,0.11713933415536375,136.0401726241462
All three quarters,Ridge,PCA without size,13576,1359,1359,283,0.20824135393671817,0.20824135393671817,0.1162217659137577,136.0401726241462
