Quarter,Asset group,Call form,Field,Rows,API populated,Zero values,Coverage,Zero share
20100331,At least USD 1bn,2,DEPUNA,9,9,4,1.0,0.4444444444444444
20100331,At least USD 1bn,31,DEPUNA,88,88,1,1.0,0.011363636363636364
20100331,At least USD 1bn,41,DEPUNA,490,490,25,1.0,0.05102040816326531
20100331,At least USD 1bn,100,DEPUNA,105,105,0,1.0,0.0
20100331,Below USD 1bn,2,DEPUNA,8,8,8,1.0,1.0
20100331,Below USD 1bn,31,DEPUNA,26,26,21,1.0,0.8076923076923077
20100331,Below USD 1bn,41,DEPUNA,6646,6646,6617,1.0,0.9956364730665062
20100331,Below USD 1bn,100,DEPUNA,652,319,46,0.4892638036809816,0.0705521472392638
20100630,At least USD 1bn,2,DEPUNA,10,10,5,1.0,0.5
20100630,At least USD 1bn,31,DEPUNA,89,89,1,1.0,0.011235955056179775
20100630,At least USD 1bn,41,DEPUNA,471,471,24,1.0,0.050955414012738856
20100630,At least USD 1bn,100,DEPUNA,103,103,0,1.0,0.0
20100630,Below USD 1bn,2,DEPUNA,7,7,7,1.0,1.0
20100630,Below USD 1bn,31,DEPUNA,24,24,21,1.0,0.875
20100630,Below USD 1bn,41,DEPUNA,6568,6568,6538,1.0,0.9954323995127893
20100630,Below USD 1bn,100,DEPUNA,650,304,44,0.4676923076923077,0.06769230769230769
20100930,At least USD 1bn,2,DEPUNA,11,11,6,1.0,0.5454545454545454
20100930,At least USD 1bn,31,DEPUNA,88,88,1,1.0,0.011363636363636364
20100930,At least USD 1bn,41,DEPUNA,475,475,23,1.0,0.04842105263157895
20100930,At least USD 1bn,100,DEPUNA,105,105,0,1.0,0.0
20100930,Below USD 1bn,2,DEPUNA,6,6,6,1.0,1.0
20100930,Below USD 1bn,31,DEPUNA,24,24,21,1.0,0.875
20100930,Below USD 1bn,41,DEPUNA,6507,6507,6479,1.0,0.9956969417550331
20100930,Below USD 1bn,100,DEPUNA,636,295,43,0.4638364779874214,0.06761006289308176
20101231,At least USD 1bn,2,DEPUNA,11,11,6,1.0,0.5454545454545454
20101231,At least USD 1bn,31,DEPUNA,90,90,1,1.0,0.011111111111111112
20101231,At least USD 1bn,41,DEPUNA,475,475,25,1.0,0.05263157894736842
20101231,At least USD 1bn,100,DEPUNA,104,104,0,1.0,0.0
20101231,Below USD 1bn,2,DEPUNA,6,6,6,1.0,1.0
20101231,Below USD 1bn,31,DEPUNA,23,23,20,1.0,0.8695652173913043
20101231,Below USD 1bn,41,DEPUNA,6411,6411,6380,1.0,0.9951645609109343
20101231,Below USD 1bn,100,DEPUNA,627,284,41,0.4529505582137161,0.06539074960127592
20110331,At least USD 1bn,2,DEPUNA,10,10,4,1.0,0.4
20110331,At least USD 1bn,31,DEPUNA,88,88,1,1.0,0.011363636363636364
20110331,At least USD 1bn,41,DEPUNA,485,485,22,1.0,0.04536082474226804
20110331,At least USD 1bn,100,DEPUNA,100,100,0,1.0,0.0
20110331,Below USD 1bn,2,DEPUNA,7,7,7,1.0,1.0
20110331,Below USD 1bn,31,DEPUNA,21,21,20,1.0,0.9523809523809523
20110331,Below USD 1bn,41,DEPUNA,6328,6328,6296,1.0,0.9949431099873578
20110331,Below USD 1bn,100,DEPUNA,624,278,44,0.44551282051282054,0.07051282051282051
20110630,At least USD 1bn,2,DEPUNA,10,10,4,1.0,0.4
20110630,At least USD 1bn,31,DEPUNA,89,89,1,1.0,0.011235955056179775
20110630,At least USD 1bn,41,DEPUNA,482,482,27,1.0,0.056016597510373446
20110630,At least USD 1bn,100,DEPUNA,99,99,0,1.0,0.0
20110630,Below USD 1bn,2,DEPUNA,7,7,7,1.0,1.0
20110630,Below USD 1bn,31,DEPUNA,21,21,20,1.0,0.9523809523809523
20110630,Below USD 1bn,41,DEPUNA,6284,6284,6247,1.0,0.9941120305537874
20110630,Below USD 1bn,100,DEPUNA,609,269,41,0.44170771756978655,0.06732348111658457
20110930,At least USD 1bn,2,DEPUNA,10,10,4,1.0,0.4
20110930,At least USD 1bn,31,DEPUNA,89,89,3,1.0,0.033707865168539325
20110930,At least USD 1bn,41,DEPUNA,484,484,28,1.0,0.05785123966942149
20110930,At least USD 1bn,100,DEPUNA,96,96,0,1.0,0.0
20110930,Below USD 1bn,2,DEPUNA,7,7,7,1.0,1.0
20110930,Below USD 1bn,31,DEPUNA,21,21,20,1.0,0.9523809523809523
20110930,Below USD 1bn,41,DEPUNA,6226,6226,6186,1.0,0.9935753292643752
20110930,Below USD 1bn,100,DEPUNA,590,255,38,0.4322033898305085,0.06440677966101695
20111231,At least USD 1bn,2,DEPUNA,8,8,2,1.0,0.25
20111231,At least USD 1bn,31,DEPUNA,87,87,1,1.0,0.011494252873563218
20111231,At least USD 1bn,41,DEPUNA,488,488,32,1.0,0.06557377049180328
20111231,At least USD 1bn,100,DEPUNA,85,85,0,1.0,0.0
20111231,Below USD 1bn,2,DEPUNA,9,9,9,1.0,1.0
20111231,Below USD 1bn,31,DEPUNA,20,20,20,1.0,1.0
20111231,Below USD 1bn,41,DEPUNA,6193,6193,6156,1.0,0.9940255126756015
20111231,Below USD 1bn,100,DEPUNA,553,238,35,0.43037974683544306,0.06329113924050633
20120331,At least USD 1bn,2,DEPUNA,9,9,3,1.0,0.3333333333333333
20120331,At least USD 1bn,31,DEPUNA,79,79,1,1.0,0.012658227848101266
20120331,At least USD 1bn,41,DEPUNA,587,587,24,1.0,0.04088586030664395
20120331,Below USD 1bn,2,DEPUNA,8,8,8,1.0,1.0
20120331,Below USD 1bn,31,DEPUNA,19,19,19,1.0,1.0
20120331,Below USD 1bn,41,DEPUNA,6692,6692,6652,1.0,0.9940227136879857
20120630,At least USD 1bn,2,DEPUNA,9,9,3,1.0,0.3333333333333333
20120630,At least USD 1bn,31,DEPUNA,81,81,1,1.0,0.012345679012345678
20120630,At least USD 1bn,41,DEPUNA,581,581,24,1.0,0.04130808950086059
20120630,Below USD 1bn,2,DEPUNA,8,8,8,1.0,1.0
20120630,Below USD 1bn,31,DEPUNA,19,19,19,1.0,1.0
20120630,Below USD 1bn,41,DEPUNA,6633,6633,6585,1.0,0.9927634554500226
20120930,At least USD 1bn,2,DEPUNA,10,10,4,1.0,0.4
20120930,At least USD 1bn,31,DEPUNA,82,82,2,1.0,0.024390243902439025
20120930,At least USD 1bn,41,DEPUNA,579,579,30,1.0,0.05181347150259067
20120930,Below USD 1bn,2,DEPUNA,7,7,7,1.0,1.0
20120930,Below USD 1bn,31,DEPUNA,19,19,18,1.0,0.9473684210526315
20120930,Below USD 1bn,41,DEPUNA,6569,6569,6518,1.0,0.9922362612269752
20121231,At least USD 1bn,2,DEPUNA,9,9,3,1.0,0.3333333333333333
20121231,At least USD 1bn,31,DEPUNA,82,82,1,1.0,0.012195121951219513
20121231,At least USD 1bn,41,DEPUNA,582,582,35,1.0,0.06013745704467354
20121231,Below USD 1bn,2,DEPUNA,7,7,7,1.0,1.0
20121231,Below USD 1bn,31,DEPUNA,19,19,19,1.0,1.0
20121231,Below USD 1bn,41,DEPUNA,6467,6467,6422,1.0,0.9930415957940313
20130331,At least USD 1bn,2,DEPUNA,9,9,3,1.0,0.3333333333333333
20130331,At least USD 1bn,31,DEPUNA,75,75,1,1.0,0.013333333333333334
20130331,At least USD 1bn,41,DEPUNA,590,590,26,1.0,0.04406779661016949
20130331,Below USD 1bn,2,DEPUNA,7,7,7,1.0,1.0
20130331,Below USD 1bn,31,DEPUNA,20,20,18,1.0,0.9
20130331,Below USD 1bn,41,DEPUNA,6400,6400,6353,1.0,0.99265625
20130630,At least USD 1bn,2,DEPUNA,11,11,5,1.0,0.45454545454545453
20130630,At least USD 1bn,31,DEPUNA,76,76,2,1.0,0.02631578947368421
20130630,At least USD 1bn,41,DEPUNA,579,579,18,1.0,0.031088082901554404
20130630,Below USD 1bn,2,DEPUNA,6,6,6,1.0,1.0
20130630,Below USD 1bn,31,DEPUNA,19,19,17,1.0,0.8947368421052632
20130630,Below USD 1bn,41,DEPUNA,6331,6331,6285,1.0,0.9927341652187648
20130930,At least USD 1bn,2,DEPUNA,11,11,5,1.0,0.45454545454545453
20130930,At least USD 1bn,31,DEPUNA,75,75,1,1.0,0.013333333333333334
20130930,At least USD 1bn,41,DEPUNA,595,595,32,1.0,0.05378151260504202
20130930,Below USD 1bn,2,DEPUNA,6,6,6,1.0,1.0
20130930,Below USD 1bn,31,DEPUNA,20,20,18,1.0,0.9
20130930,Below USD 1bn,41,DEPUNA,6265,6265,6222,1.0,0.9931364724660814
20131231,At least USD 1bn,2,DEPUNA,11,11,5,1.0,0.45454545454545453
20131231,At least USD 1bn,31,DEPUNA,75,75,1,1.0,0.013333333333333334
20131231,At least USD 1bn,41,DEPUNA,593,593,35,1.0,0.05902192242833052
20131231,Below USD 1bn,2,DEPUNA,6,6,6,1.0,1.0
20131231,Below USD 1bn,31,DEPUNA,20,20,18,1.0,0.9
20131231,Below USD 1bn,41,DEPUNA,6189,6189,6147,1.0,0.9932137663596704
20140331,At least USD 1bn,2,DEPUNA,10,10,3,1.0,0.3
20140331,At least USD 1bn,31,DEPUNA,72,72,1,1.0,0.013888888888888888
20140331,At least USD 1bn,41,DEPUNA,601,601,28,1.0,0.04658901830282862
20140331,Below USD 1bn,2,DEPUNA,7,7,6,1.0,0.8571428571428571
20140331,Below USD 1bn,31,DEPUNA,18,18,15,1.0,0.8333333333333334
20140331,Below USD 1bn,41,DEPUNA,6104,6104,6064,1.0,0.9934469200524246
20140630,At least USD 1bn,2,DEPUNA,12,12,4,1.0,0.3333333333333333
20140630,At least USD 1bn,31,DEPUNA,72,72,1,1.0,0.013888888888888888
20140630,At least USD 1bn,41,DEPUNA,604,604,35,1.0,0.057947019867549666
20140630,Below USD 1bn,2,DEPUNA,5,5,5,1.0,1.0
20140630,Below USD 1bn,31,DEPUNA,18,18,15,1.0,0.8333333333333334
20140630,Below USD 1bn,41,DEPUNA,6027,6027,5994,1.0,0.9945246391239423
20140930,At least USD 1bn,2,DEPUNA,11,11,4,1.0,0.36363636363636365
20140930,At least USD 1bn,31,DEPUNA,73,73,1,1.0,0.0136986301369863
20140930,At least USD 1bn,41,DEPUNA,612,612,47,1.0,0.07679738562091504
20140930,Below USD 1bn,2,DEPUNA,6,6,5,1.0,0.8333333333333334
20140930,Below USD 1bn,31,DEPUNA,17,17,14,1.0,0.8235294117647058
20140930,Below USD 1bn,41,DEPUNA,5949,5949,5918,1.0,0.9947890401748193
20141231,At least USD 1bn,2,DEPUNA,11,11,4,1.0,0.36363636363636365
20141231,At least USD 1bn,31,DEPUNA,72,72,1,1.0,0.013888888888888888
20141231,At least USD 1bn,41,DEPUNA,611,611,45,1.0,0.07364975450081833
20141231,Below USD 1bn,2,DEPUNA,6,6,5,1.0,0.8333333333333334
20141231,Below USD 1bn,31,DEPUNA,17,17,14,1.0,0.8235294117647058
20141231,Below USD 1bn,41,DEPUNA,5870,5870,5841,1.0,0.9950596252129472
20150331,At least USD 1bn,2,DEPUNA,11,11,4,1.0,0.36363636363636365
20150331,At least USD 1bn,31,DEPUNA,70,70,2,1.0,0.02857142857142857
20150331,At least USD 1bn,41,DEPUNA,626,626,30,1.0,0.04792332268370607
20150331,Below USD 1bn,2,DEPUNA,6,6,5,1.0,0.8333333333333334
20150331,Below USD 1bn,31,DEPUNA,14,14,12,1.0,0.8571428571428571
20150331,Below USD 1bn,41,DEPUNA,5769,5769,5742,1.0,0.9953198127925117
20150630,At least USD 1bn,2,DEPUNA,12,12,4,1.0,0.3333333333333333
20150630,At least USD 1bn,31,DEPUNA,69,69,2,1.0,0.028985507246376812
20150630,At least USD 1bn,41,DEPUNA,635,635,37,1.0,0.05826771653543307
20150630,Below USD 1bn,2,DEPUNA,5,5,5,1.0,1.0
20150630,Below USD 1bn,31,DEPUNA,15,15,12,1.0,0.8
20150630,Below USD 1bn,41,DEPUNA,5689,5689,5662,1.0,0.9952539989453331
20150930,At least USD 1bn,2,DEPUNA,11,11,4,1.0,0.36363636363636365
20150930,At least USD 1bn,31,DEPUNA,69,69,2,1.0,0.028985507246376812
20150930,At least USD 1bn,41,DEPUNA,639,639,41,1.0,0.06416275430359937
20150930,Below USD 1bn,2,DEPUNA,6,6,5,1.0,0.8333333333333334
20150930,Below USD 1bn,31,DEPUNA,13,13,10,1.0,0.7692307692307693
20150930,Below USD 1bn,41,DEPUNA,5607,5607,5583,1.0,0.9957196361690743
20151231,At least USD 1bn,2,DEPUNA,11,11,4,1.0,0.36363636363636365
20151231,At least USD 1bn,31,DEPUNA,69,69,2,1.0,0.028985507246376812
20151231,At least USD 1bn,41,DEPUNA,635,635,45,1.0,0.07086614173228346
20151231,Below USD 1bn,2,DEPUNA,6,6,5,1.0,0.8333333333333334
20151231,Below USD 1bn,31,DEPUNA,13,13,10,1.0,0.7692307692307693
20151231,Below USD 1bn,41,DEPUNA,5521,5521,5499,1.0,0.9960152146350298
20160331,At least USD 1bn,2,DEPUNA,12,12,4,1.0,0.3333333333333333
20160331,At least USD 1bn,31,DEPUNA,63,63,2,1.0,0.031746031746031744
20160331,At least USD 1bn,41,DEPUNA,664,664,33,1.0,0.04969879518072289
20160331,Below USD 1bn,2,DEPUNA,5,5,5,1.0,1.0
20160331,Below USD 1bn,31,DEPUNA,11,11,10,1.0,0.9090909090909091
20160331,Below USD 1bn,41,DEPUNA,5438,5438,5415,1.0,0.9957705038617138
20160630,At least USD 1bn,2,DEPUNA,11,11,3,1.0,0.2727272727272727
20160630,At least USD 1bn,31,DEPUNA,63,63,3,1.0,0.047619047619047616
20160630,At least USD 1bn,41,DEPUNA,670,670,44,1.0,0.06567164179104477
20160630,Below USD 1bn,2,DEPUNA,6,6,6,1.0,1.0
20160630,Below USD 1bn,31,DEPUNA,11,11,10,1.0,0.9090909090909091
20160630,Below USD 1bn,41,DEPUNA,5368,5368,5346,1.0,0.9959016393442623
20160930,At least USD 1bn,2,DEPUNA,12,12,4,1.0,0.3333333333333333
20160930,At least USD 1bn,31,DEPUNA,63,63,3,1.0,0.047619047619047616
20160930,At least USD 1bn,41,DEPUNA,674,674,54,1.0,0.08011869436201781
20160930,Below USD 1bn,2,DEPUNA,5,5,5,1.0,1.0
20160930,Below USD 1bn,31,DEPUNA,13,13,12,1.0,0.9230769230769231
20160930,Below USD 1bn,41,DEPUNA,5284,5284,5262,1.0,0.9958364875094625
20161231,At least USD 1bn,2,DEPUNA,11,11,4,1.0,0.36363636363636365
20161231,At least USD 1bn,31,DEPUNA,63,63,2,1.0,0.031746031746031744
20161231,At least USD 1bn,41,DEPUNA,674,674,58,1.0,0.08605341246290801
20161231,Below USD 1bn,2,DEPUNA,6,6,5,1.0,0.8333333333333334
20161231,Below USD 1bn,31,DEPUNA,13,13,11,1.0,0.8461538461538461
20161231,Below USD 1bn,41,DEPUNA,5216,5216,5196,1.0,0.9961656441717791
20170331,At least USD 1bn,2,DEPUNA,12,12,4,1.0,0.3333333333333333
20170331,At least USD 1bn,31,DEPUNA,58,58,2,1.0,0.034482758620689655
20170331,At least USD 1bn,41,DEPUNA,689,689,29,1.0,0.0420899854862119
20170331,At least USD 1bn,51,DEPUNA,5,0,0,0.0,0.0
20170331,Below USD 1bn,2,DEPUNA,5,5,5,1.0,1.0
20170331,Below USD 1bn,31,DEPUNA,12,12,10,1.0,0.8333333333333334
20170331,Below USD 1bn,41,DEPUNA,1644,1644,1635,1.0,0.9945255474452555
20170331,Below USD 1bn,51,DEPUNA,3500,0,0,0.0,0.0
20170630,At least USD 1bn,2,DEPUNA,12,12,4,1.0,0.3333333333333333
20170630,At least USD 1bn,31,DEPUNA,59,59,3,1.0,0.05084745762711865
20170630,At least USD 1bn,41,DEPUNA,689,689,37,1.0,0.05370101596516691
20170630,At least USD 1bn,51,DEPUNA,6,0,0,0.0,0.0
20170630,Below USD 1bn,2,DEPUNA,5,5,5,1.0,1.0
20170630,Below USD 1bn,31,DEPUNA,10,10,8,1.0,0.8
20170630,Below USD 1bn,41,DEPUNA,1477,1477,1469,1.0,0.994583615436696
20170630,Below USD 1bn,51,DEPUNA,3598,0,0,0.0,0.0
20170930,At least USD 1bn,2,DEPUNA,13,13,5,1.0,0.38461538461538464
20170930,At least USD 1bn,31,DEPUNA,59,59,3,1.0,0.05084745762711865
20170930,At least USD 1bn,41,DEPUNA,687,687,42,1.0,0.0611353711790393
20170930,At least USD 1bn,51,DEPUNA,12,0,0,0.0,0.0
20170930,Below USD 1bn,2,DEPUNA,4,4,4,1.0,1.0
20170930,Below USD 1bn,31,DEPUNA,10,10,8,1.0,0.8
20170930,Below USD 1bn,41,DEPUNA,1378,1378,1371,1.0,0.9949201741654572
20170930,Below USD 1bn,51,DEPUNA,3643,0,0,0.0,0.0
20171231,At least USD 1bn,2,DEPUNA,12,12,5,1.0,0.4166666666666667
20171231,At least USD 1bn,31,DEPUNA,58,58,3,1.0,0.05172413793103448
20171231,At least USD 1bn,41,DEPUNA,679,679,45,1.0,0.0662739322533137
20171231,At least USD 1bn,51,DEPUNA,15,0,0,0.0,0.0
20171231,Below USD 1bn,2,DEPUNA,5,5,4,1.0,0.8
20171231,Below USD 1bn,31,DEPUNA,10,10,8,1.0,0.8
20171231,Below USD 1bn,41,DEPUNA,1333,1333,1328,1.0,0.9962490622655664
20171231,Below USD 1bn,51,DEPUNA,3626,0,0,0.0,0.0
20180331,At least USD 1bn,2,DEPUNA,13,13,5,1.0,0.38461538461538464
20180331,At least USD 1bn,31,DEPUNA,59,59,2,1.0,0.03389830508474576
20180331,At least USD 1bn,41,DEPUNA,693,693,28,1.0,0.04040404040404041
20180331,At least USD 1bn,51,DEPUNA,11,0,0,0.0,0.0
20180331,Below USD 1bn,2,DEPUNA,4,4,4,1.0,1.0
20180331,Below USD 1bn,31,DEPUNA,9,9,8,1.0,0.8888888888888888
20180331,Below USD 1bn,41,DEPUNA,1144,1144,1138,1.0,0.9947552447552448
20180331,Below USD 1bn,51,DEPUNA,3741,0,0,0.0,0.0
20180630,At least USD 1bn,2,DEPUNA,13,13,5,1.0,0.38461538461538464
20180630,At least USD 1bn,31,DEPUNA,65,65,2,1.0,0.03076923076923077
20180630,At least USD 1bn,41,DEPUNA,695,695,41,1.0,0.058992805755395686
20180630,At least USD 1bn,51,DEPUNA,14,0,0,0.0,0.0
20180630,Below USD 1bn,2,DEPUNA,4,4,4,1.0,1.0
20180630,Below USD 1bn,31,DEPUNA,9,9,8,1.0,0.8888888888888888
20180630,Below USD 1bn,41,DEPUNA,1110,1110,1104,1.0,0.9945945945945946
20180630,Below USD 1bn,51,DEPUNA,3700,0,0,0.0,0.0
20180930,At least USD 1bn,2,DEPUNA,13,13,5,1.0,0.38461538461538464
20180930,At least USD 1bn,31,DEPUNA,66,66,2,1.0,0.030303030303030304
20180930,At least USD 1bn,41,DEPUNA,691,691,48,1.0,0.0694645441389291
20180930,At least USD 1bn,51,DEPUNA,19,0,0,0.0,0.0
20180930,Below USD 1bn,2,DEPUNA,4,4,4,1.0,1.0
20180930,Below USD 1bn,31,DEPUNA,10,10,9,1.0,0.9
20180930,Below USD 1bn,41,DEPUNA,1092,1092,1086,1.0,0.9945054945054945
20180930,Below USD 1bn,51,DEPUNA,3649,0,0,0.0,0.0
20181231,At least USD 1bn,2,DEPUNA,13,13,5,1.0,0.38461538461538464
20181231,At least USD 1bn,31,DEPUNA,66,66,2,1.0,0.030303030303030304
20181231,At least USD 1bn,41,DEPUNA,690,690,46,1.0,0.06666666666666667
20181231,At least USD 1bn,51,DEPUNA,22,0,0,0.0,0.0
20181231,Below USD 1bn,2,DEPUNA,4,4,4,1.0,1.0
20181231,Below USD 1bn,31,DEPUNA,10,10,9,1.0,0.9
20181231,Below USD 1bn,41,DEPUNA,1066,1066,1059,1.0,0.9934333958724203
20181231,Below USD 1bn,51,DEPUNA,3602,0,0,0.0,0.0
20190331,At least USD 1bn,2,DEPUNA,12,12,4,1.0,0.3333333333333333
20190331,At least USD 1bn,31,DEPUNA,65,65,1,1.0,0.015384615384615385
20190331,At least USD 1bn,41,DEPUNA,709,709,26,1.0,0.036671368124118475
20190331,At least USD 1bn,51,DEPUNA,18,0,0,0.0,0.0
20190331,Below USD 1bn,2,DEPUNA,5,5,5,1.0,1.0
20190331,Below USD 1bn,31,DEPUNA,10,10,9,1.0,0.9
20190331,Below USD 1bn,41,DEPUNA,950,950,949,1.0,0.9989473684210526
20190331,Below USD 1bn,51,DEPUNA,3659,0,0,0.0,0.0
20190630,At least USD 1bn,2,DEPUNA,13,13,5,1.0,0.38461538461538464
20190630,At least USD 1bn,31,DEPUNA,63,63,1,1.0,0.015873015873015872
20190630,At least USD 1bn,41,DEPUNA,707,707,28,1.0,0.039603960396039604
20190630,At least USD 1bn,51,DEPUNA,25,0,0,0.0,0.0
20190630,Below USD 1bn,2,DEPUNA,4,4,4,1.0,1.0
20190630,Below USD 1bn,31,DEPUNA,10,10,9,1.0,0.9
20190630,Below USD 1bn,41,DEPUNA,928,928,926,1.0,0.9978448275862069
20190630,Below USD 1bn,51,DEPUNA,3619,0,0,0.0,0.0
20190930,At least USD 1bn,2,DEPUNA,13,13,5,1.0,0.38461538461538464
20190930,At least USD 1bn,31,DEPUNA,64,64,2,1.0,0.03125
20190930,At least USD 1bn,41,DEPUNA,602,602,24,1.0,0.03986710963455149
20190930,At least USD 1bn,51,DEPUNA,141,141,43,1.0,0.3049645390070922
20190930,Below USD 1bn,2,DEPUNA,4,4,4,1.0,1.0
20190930,Below USD 1bn,31,DEPUNA,8,8,7,1.0,0.875
20190930,Below USD 1bn,41,DEPUNA,882,882,882,1.0,1.0
20190930,Below USD 1bn,51,DEPUNA,3611,3611,3603,1.0,0.9977845472168374
20191231,At least USD 1bn,2,DEPUNA,13,13,5,1.0,0.38461538461538464
20191231,At least USD 1bn,31,DEPUNA,64,64,2,1.0,0.03125
20191231,At least USD 1bn,41,DEPUNA,578,578,23,1.0,0.039792387543252594
20191231,At least USD 1bn,51,DEPUNA,157,157,41,1.0,0.2611464968152866
20191231,Below USD 1bn,2,DEPUNA,4,4,4,1.0,1.0
20191231,Below USD 1bn,31,DEPUNA,8,8,7,1.0,0.875
20191231,Below USD 1bn,41,DEPUNA,855,855,853,1.0,0.9976608187134502
20191231,Below USD 1bn,51,DEPUNA,3565,3565,3565,1.0,1.0
20200331,At least USD 1bn,2,DEPUNA,13,13,5,1.0,0.38461538461538464
20200331,At least USD 1bn,31,DEPUNA,71,71,3,1.0,0.04225352112676056
20200331,At least USD 1bn,41,DEPUNA,542,542,18,1.0,0.033210332103321034
20200331,At least USD 1bn,51,DEPUNA,214,214,30,1.0,0.14018691588785046
20200331,Below USD 1bn,2,DEPUNA,4,4,4,1.0,1.0
20200331,Below USD 1bn,31,DEPUNA,13,13,13,1.0,1.0
20200331,Below USD 1bn,41,DEPUNA,770,770,770,1.0,1.0
20200331,Below USD 1bn,51,DEPUNA,3555,3555,3553,1.0,0.99943741209564
20200630,At least USD 1bn,2,DEPUNA,12,12,4,1.0,0.3333333333333333
20200630,At least USD 1bn,31,DEPUNA,71,71,3,1.0,0.04225352112676056
20200630,At least USD 1bn,41,DEPUNA,570,570,51,1.0,0.08947368421052632
20200630,At least USD 1bn,51,DEPUNA,265,265,81,1.0,0.30566037735849055
20200630,Below USD 1bn,2,DEPUNA,5,5,5,1.0,1.0
20200630,Below USD 1bn,31,DEPUNA,14,14,14,1.0,1.0
20200630,Below USD 1bn,41,DEPUNA,730,730,730,1.0,1.0
20200630,Below USD 1bn,51,DEPUNA,3464,3464,3463,1.0,0.9997113163972287
20200930,At least USD 1bn,2,DEPUNA,12,12,4,1.0,0.3333333333333333
20200930,At least USD 1bn,31,DEPUNA,71,71,3,1.0,0.04225352112676056
20200930,At least USD 1bn,41,DEPUNA,575,575,61,1.0,0.10608695652173913
20200930,At least USD 1bn,51,DEPUNA,274,274,93,1.0,0.33941605839416056
20200930,Below USD 1bn,2,DEPUNA,5,5,5,1.0,1.0
20200930,Below USD 1bn,31,DEPUNA,14,14,14,1.0,1.0
20200930,Below USD 1bn,41,DEPUNA,713,713,712,1.0,0.9985974754558204
20200930,Below USD 1bn,51,DEPUNA,3434,3434,3432,1.0,0.9994175888177053
20201231,At least USD 1bn,2,DEPUNA,12,12,4,1.0,0.3333333333333333
20201231,At least USD 1bn,31,DEPUNA,71,71,3,1.0,0.04225352112676056
20201231,At least USD 1bn,41,DEPUNA,577,577,63,1.0,0.10918544194107452
20201231,At least USD 1bn,51,DEPUNA,282,282,101,1.0,0.35815602836879434
20201231,Below USD 1bn,2,DEPUNA,5,5,5,1.0,1.0
20201231,Below USD 1bn,31,DEPUNA,14,14,14,1.0,1.0
20201231,Below USD 1bn,41,DEPUNA,704,704,703,1.0,0.9985795454545454
20201231,Below USD 1bn,51,DEPUNA,3402,3402,3399,1.0,0.9991181657848325
20210331,At least USD 1bn,2,DEPUNA,12,12,4,1.0,0.3333333333333333
20210331,At least USD 1bn,31,DEPUNA,72,72,2,1.0,0.027777777777777776
20210331,At least USD 1bn,41,DEPUNA,582,582,72,1.0,0.12371134020618557
20210331,At least USD 1bn,51,DEPUNA,313,313,117,1.0,0.3738019169329074
20210331,Below USD 1bn,2,DEPUNA,5,5,5,1.0,1.0
20210331,Below USD 1bn,31,DEPUNA,14,14,14,1.0,1.0
20210331,Below USD 1bn,41,DEPUNA,665,665,665,1.0,1.0
20210331,Below USD 1bn,51,DEPUNA,3381,3381,3379,1.0,0.9994084590357882
20210630,At least USD 1bn,2,DEPUNA,12,12,4,1.0,0.3333333333333333
20210630,At least USD 1bn,31,DEPUNA,71,71,3,1.0,0.04225352112676056
20210630,At least USD 1bn,41,DEPUNA,581,581,72,1.0,0.12392426850258176
20210630,At least USD 1bn,51,DEPUNA,328,328,131,1.0,0.39939024390243905
20210630,Below USD 1bn,2,DEPUNA,5,5,5,1.0,1.0
20210630,Below USD 1bn,31,DEPUNA,14,14,14,1.0,1.0
20210630,Below USD 1bn,41,DEPUNA,659,659,659,1.0,1.0
20210630,Below USD 1bn,51,DEPUNA,3345,3345,3342,1.0,0.9991031390134529
20210930,At least USD 1bn,2,DEPUNA,13,13,5,1.0,0.38461538461538464
20210930,At least USD 1bn,31,DEPUNA,71,71,3,1.0,0.04225352112676056
20210930,At least USD 1bn,41,DEPUNA,583,583,78,1.0,0.13379073756432247
20210930,At least USD 1bn,51,DEPUNA,344,344,147,1.0,0.4273255813953488
20210930,Below USD 1bn,2,DEPUNA,4,4,4,1.0,1.0
20210930,Below USD 1bn,31,DEPUNA,14,14,14,1.0,1.0
20210930,Below USD 1bn,41,DEPUNA,648,648,648,1.0,1.0
20210930,Below USD 1bn,51,DEPUNA,3302,3302,3301,1.0,0.9996971532404604
20211231,At least USD 1bn,2,DEPUNA,13,13,5,1.0,0.38461538461538464
20211231,At least USD 1bn,31,DEPUNA,70,70,2,1.0,0.02857142857142857
20211231,At least USD 1bn,41,DEPUNA,568,568,73,1.0,0.12852112676056338
20211231,At least USD 1bn,51,DEPUNA,339,339,149,1.0,0.43952802359882004
20211231,Below USD 1bn,2,DEPUNA,4,4,4,1.0,1.0
20211231,Below USD 1bn,31,DEPUNA,14,14,14,1.0,1.0
20211231,Below USD 1bn,41,DEPUNA,636,636,636,1.0,1.0
20211231,Below USD 1bn,51,DEPUNA,3260,3260,3259,1.0,0.9996932515337423
20220331,At least USD 1bn,2,DEPUNA,13,13,5,1.0,0.38461538461538464
20220331,At least USD 1bn,31,DEPUNA,72,72,2,1.0,0.027777777777777776
20220331,At least USD 1bn,41,DEPUNA,561,561,17,1.0,0.030303030303030304
20220331,At least USD 1bn,51,DEPUNA,357,357,45,1.0,0.12605042016806722
20220331,Below USD 1bn,2,DEPUNA,4,4,4,1.0,1.0
20220331,Below USD 1bn,31,DEPUNA,14,14,14,1.0,1.0
20220331,Below USD 1bn,41,DEPUNA,609,609,606,1.0,0.9950738916256158
20220331,Below USD 1bn,51,DEPUNA,3231,3231,3226,1.0,0.9984524914887032
20220630,At least USD 1bn,2,DEPUNA,13,13,5,1.0,0.38461538461538464
20220630,At least USD 1bn,31,DEPUNA,72,72,3,1.0,0.041666666666666664
20220630,At least USD 1bn,41,DEPUNA,552,552,17,1.0,0.030797101449275364
20220630,At least USD 1bn,51,DEPUNA,357,357,49,1.0,0.13725490196078433
20220630,Below USD 1bn,2,DEPUNA,4,4,4,1.0,1.0
20220630,Below USD 1bn,31,DEPUNA,13,13,13,1.0,1.0
20220630,Below USD 1bn,41,DEPUNA,612,612,606,1.0,0.9901960784313726
20220630,Below USD 1bn,51,DEPUNA,3215,3215,3207,1.0,0.9975116640746501
20220930,At least USD 1bn,2,DEPUNA,13,13,5,1.0,0.38461538461538464
20220930,At least USD 1bn,31,DEPUNA,72,72,3,1.0,0.041666666666666664
20220930,At least USD 1bn,41,DEPUNA,552,552,20,1.0,0.036231884057971016
20220930,At least USD 1bn,51,DEPUNA,368,368,60,1.0,0.16304347826086957
20220930,Below USD 1bn,2,DEPUNA,4,4,4,1.0,1.0
20220930,Below USD 1bn,31,DEPUNA,12,12,12,1.0,1.0
20220930,Below USD 1bn,41,DEPUNA,603,603,599,1.0,0.9933665008291874
20220930,Below USD 1bn,51,DEPUNA,3189,3189,3180,1.0,0.9971777986829727
20221231,At least USD 1bn,2,DEPUNA,13,13,5,1.0,0.38461538461538464
20221231,At least USD 1bn,31,DEPUNA,71,71,3,1.0,0.04225352112676056
20221231,At least USD 1bn,41,DEPUNA,548,548,21,1.0,0.03832116788321168
20221231,At least USD 1bn,51,DEPUNA,367,367,58,1.0,0.15803814713896458
20221231,Below USD 1bn,2,DEPUNA,4,4,4,1.0,1.0
20221231,Below USD 1bn,31,DEPUNA,12,12,12,1.0,1.0
20221231,Below USD 1bn,41,DEPUNA,596,596,592,1.0,0.9932885906040269
20221231,Below USD 1bn,51,DEPUNA,3162,3162,3152,1.0,0.9968374446552815
20230331,At least USD 1bn,2,DEPUNA,13,13,5,1.0,0.38461538461538464
20230331,At least USD 1bn,31,DEPUNA,69,69,2,1.0,0.028985507246376812
20230331,At least USD 1bn,41,DEPUNA,545,545,10,1.0,0.01834862385321101
20230331,At least USD 1bn,51,DEPUNA,380,380,39,1.0,0.10263157894736842
20230331,Below USD 1bn,2,DEPUNA,4,4,4,1.0,1.0
20230331,Below USD 1bn,31,DEPUNA,12,12,12,1.0,1.0
20230331,Below USD 1bn,41,DEPUNA,574,574,570,1.0,0.9930313588850174
20230331,Below USD 1bn,51,DEPUNA,3143,3143,3131,1.0,0.9961819917276488
20230630,At least USD 1bn,2,DEPUNA,13,13,5,1.0,0.38461538461538464
20230630,At least USD 1bn,31,DEPUNA,67,67,2,1.0,0.029850746268656716
20230630,At least USD 1bn,41,DEPUNA,544,544,13,1.0,0.02389705882352941
20230630,At least USD 1bn,51,DEPUNA,386,386,46,1.0,0.11917098445595854
20230630,Below USD 1bn,2,DEPUNA,4,4,4,1.0,1.0
20230630,Below USD 1bn,31,DEPUNA,12,12,12,1.0,1.0
20230630,Below USD 1bn,41,DEPUNA,569,569,564,1.0,0.9912126537785588
20230630,Below USD 1bn,51,DEPUNA,3119,3119,3108,1.0,0.9964732285989099
20230930,At least USD 1bn,2,DEPUNA,13,13,5,1.0,0.38461538461538464
20230930,At least USD 1bn,31,DEPUNA,69,69,2,1.0,0.028985507246376812
20230930,At least USD 1bn,41,DEPUNA,542,542,17,1.0,0.03136531365313653
20230930,At least USD 1bn,51,DEPUNA,392,392,50,1.0,0.12755102040816327
20230930,Below USD 1bn,2,DEPUNA,4,4,4,1.0,1.0
20230930,Below USD 1bn,31,DEPUNA,12,12,12,1.0,1.0
20230930,Below USD 1bn,41,DEPUNA,562,562,556,1.0,0.9893238434163701
20230930,Below USD 1bn,51,DEPUNA,3092,3092,3084,1.0,0.9974126778783958
20231231,At least USD 1bn,2,DEPUNA,13,13,5,1.0,0.38461538461538464
20231231,At least USD 1bn,31,DEPUNA,70,70,2,1.0,0.02857142857142857
20231231,At least USD 1bn,41,DEPUNA,540,540,17,1.0,0.03148148148148148
20231231,At least USD 1bn,51,DEPUNA,384,384,43,1.0,0.11197916666666667
20231231,Below USD 1bn,2,DEPUNA,4,4,4,1.0,1.0
20231231,Below USD 1bn,31,DEPUNA,11,11,11,1.0,1.0
20231231,Below USD 1bn,41,DEPUNA,556,556,553,1.0,0.9946043165467626
20231231,Below USD 1bn,51,DEPUNA,3080,3080,3071,1.0,0.9970779220779221
20240331,At least USD 1bn,2,DEPUNA,13,13,5,1.0,0.38461538461538464
20240331,At least USD 1bn,31,DEPUNA,71,71,2,1.0,0.028169014084507043
20240331,At least USD 1bn,41,DEPUNA,539,539,10,1.0,0.01855287569573284
20240331,At least USD 1bn,51,DEPUNA,418,418,37,1.0,0.08851674641148326
20240331,Below USD 1bn,2,DEPUNA,4,4,4,1.0,1.0
20240331,Below USD 1bn,31,DEPUNA,11,11,11,1.0,1.0
20240331,Below USD 1bn,41,DEPUNA,534,534,531,1.0,0.9943820224719101
20240331,Below USD 1bn,51,DEPUNA,3050,3050,3046,1.0,0.9986885245901639
20240630,At least USD 1bn,2,DEPUNA,13,13,5,1.0,0.38461538461538464
20240630,At least USD 1bn,31,DEPUNA,71,71,2,1.0,0.028169014084507043
20240630,At least USD 1bn,41,DEPUNA,533,533,8,1.0,0.0150093808630394
20240630,At least USD 1bn,51,DEPUNA,423,423,41,1.0,0.09692671394799054
20240630,Below USD 1bn,2,DEPUNA,4,4,4,1.0,1.0
20240630,Below USD 1bn,31,DEPUNA,11,11,11,1.0,1.0
20240630,Below USD 1bn,41,DEPUNA,531,531,527,1.0,0.992467043314501
20240630,Below USD 1bn,51,DEPUNA,3024,3024,3020,1.0,0.9986772486772487
20240930,At least USD 1bn,2,DEPUNA,13,13,5,1.0,0.38461538461538464
20240930,At least USD 1bn,31,DEPUNA,71,71,2,1.0,0.028169014084507043
20240930,At least USD 1bn,41,DEPUNA,533,533,10,1.0,0.01876172607879925
20240930,At least USD 1bn,51,DEPUNA,429,429,52,1.0,0.12121212121212122
20240930,Below USD 1bn,2,DEPUNA,4,4,4,1.0,1.0
20240930,Below USD 1bn,31,DEPUNA,11,11,11,1.0,1.0
20240930,Below USD 1bn,41,DEPUNA,524,524,522,1.0,0.9961832061068703
20240930,Below USD 1bn,51,DEPUNA,3004,3004,3001,1.0,0.9990013315579228
20241231,At least USD 1bn,2,DEPUNA,13,13,5,1.0,0.38461538461538464
20241231,At least USD 1bn,31,DEPUNA,71,71,2,1.0,0.028169014084507043
20241231,At least USD 1bn,41,DEPUNA,530,530,7,1.0,0.013207547169811321
20241231,At least USD 1bn,51,DEPUNA,420,420,45,1.0,0.10714285714285714
20241231,Below USD 1bn,2,DEPUNA,4,4,4,1.0,1.0
20241231,Below USD 1bn,31,DEPUNA,11,11,11,1.0,1.0
20241231,Below USD 1bn,41,DEPUNA,523,523,520,1.0,0.994263862332696
20241231,Below USD 1bn,51,DEPUNA,2988,2988,2981,1.0,0.9976572958500669
20100331,At least USD 1bn,2,DEPUNINS,9,9,4,1.0,0.4444444444444444
20100331,At least USD 1bn,31,DEPUNINS,88,88,1,1.0,0.011363636363636364
20100331,At least USD 1bn,41,DEPUNINS,490,490,5,1.0,0.01020408163265306
20100331,At least USD 1bn,100,DEPUNINS,105,105,0,1.0,0.0
20100331,Below USD 1bn,2,DEPUNINS,8,8,4,1.0,0.5
20100331,Below USD 1bn,31,DEPUNINS,26,26,0,1.0,0.0
20100331,Below USD 1bn,41,DEPUNINS,6646,6646,116,1.0,0.017454107733975325
20100331,Below USD 1bn,100,DEPUNINS,652,652,50,1.0,0.07668711656441718
20100630,At least USD 1bn,2,DEPUNINS,10,10,4,1.0,0.4
20100630,At least USD 1bn,31,DEPUNINS,89,89,1,1.0,0.011235955056179775
20100630,At least USD 1bn,41,DEPUNINS,471,471,5,1.0,0.010615711252653927
20100630,At least USD 1bn,100,DEPUNINS,103,103,0,1.0,0.0
20100630,Below USD 1bn,2,DEPUNINS,7,7,5,1.0,0.7142857142857143
20100630,Below USD 1bn,31,DEPUNINS,24,24,0,1.0,0.0
20100630,Below USD 1bn,41,DEPUNINS,6568,6568,119,1.0,0.018118148599269183
20100630,Below USD 1bn,100,DEPUNINS,650,650,48,1.0,0.07384615384615385
20100930,At least USD 1bn,2,DEPUNINS,11,11,4,1.0,0.36363636363636365
20100930,At least USD 1bn,31,DEPUNINS,88,88,1,1.0,0.011363636363636364
20100930,At least USD 1bn,41,DEPUNINS,475,475,6,1.0,0.01263157894736842
20100930,At least USD 1bn,100,DEPUNINS,105,105,0,1.0,0.0
20100930,Below USD 1bn,2,DEPUNINS,6,6,4,1.0,0.6666666666666666
20100930,Below USD 1bn,31,DEPUNINS,24,24,0,1.0,0.0
20100930,Below USD 1bn,41,DEPUNINS,6507,6507,111,1.0,0.01705855232826187
20100930,Below USD 1bn,100,DEPUNINS,636,636,47,1.0,0.07389937106918239
20101231,At least USD 1bn,2,DEPUNINS,11,11,4,1.0,0.36363636363636365
20101231,At least USD 1bn,31,DEPUNINS,90,90,1,1.0,0.011111111111111112
20101231,At least USD 1bn,41,DEPUNINS,475,475,5,1.0,0.010526315789473684
20101231,At least USD 1bn,100,DEPUNINS,104,104,0,1.0,0.0
20101231,Below USD 1bn,2,DEPUNINS,6,6,5,1.0,0.8333333333333334
20101231,Below USD 1bn,31,DEPUNINS,23,23,2,1.0,0.08695652173913043
20101231,Below USD 1bn,41,DEPUNINS,6411,6411,142,1.0,0.02214943066604274
20101231,Below USD 1bn,100,DEPUNINS,627,627,46,1.0,0.0733652312599681
20110331,At least USD 1bn,2,DEPUNINS,10,10,4,1.0,0.4
20110331,At least USD 1bn,31,DEPUNINS,88,88,1,1.0,0.011363636363636364
20110331,At least USD 1bn,41,DEPUNINS,485,485,8,1.0,0.016494845360824743
20110331,At least USD 1bn,100,DEPUNINS,100,100,0,1.0,0.0
20110331,Below USD 1bn,2,DEPUNINS,7,7,5,1.0,0.7142857142857143
20110331,Below USD 1bn,31,DEPUNINS,21,21,3,1.0,0.14285714285714285
20110331,Below USD 1bn,41,DEPUNINS,6328,6328,150,1.0,0.02370417193426043
20110331,Below USD 1bn,100,DEPUNINS,624,624,49,1.0,0.07852564102564102
20110630,At least USD 1bn,2,DEPUNINS,10,10,4,1.0,0.4
20110630,At least USD 1bn,31,DEPUNINS,89,89,1,1.0,0.011235955056179775
20110630,At least USD 1bn,41,DEPUNINS,482,482,8,1.0,0.016597510373443983
20110630,At least USD 1bn,100,DEPUNINS,99,99,0,1.0,0.0
20110630,Below USD 1bn,2,DEPUNINS,7,7,5,1.0,0.7142857142857143
20110630,Below USD 1bn,31,DEPUNINS,21,21,2,1.0,0.09523809523809523
20110630,Below USD 1bn,41,DEPUNINS,6284,6284,136,1.0,0.021642266072565246
20110630,Below USD 1bn,100,DEPUNINS,609,609,45,1.0,0.07389162561576355
20110930,At least USD 1bn,2,DEPUNINS,10,10,4,1.0,0.4
20110930,At least USD 1bn,31,DEPUNINS,89,89,2,1.0,0.02247191011235955
20110930,At least USD 1bn,41,DEPUNINS,484,484,7,1.0,0.014462809917355372
20110930,At least USD 1bn,100,DEPUNINS,96,96,0,1.0,0.0
20110930,Below USD 1bn,2,DEPUNINS,7,7,4,1.0,0.5714285714285714
20110930,Below USD 1bn,31,DEPUNINS,21,21,3,1.0,0.14285714285714285
20110930,Below USD 1bn,41,DEPUNINS,6226,6226,139,1.0,0.022325730806296178
20110930,Below USD 1bn,100,DEPUNINS,590,590,40,1.0,0.06779661016949153
20111231,At least USD 1bn,2,DEPUNINS,8,8,2,1.0,0.25
20111231,At least USD 1bn,31,DEPUNINS,87,87,1,1.0,0.011494252873563218
20111231,At least USD 1bn,41,DEPUNINS,488,488,6,1.0,0.012295081967213115
20111231,At least USD 1bn,100,DEPUNINS,85,85,0,1.0,0.0
20111231,Below USD 1bn,2,DEPUNINS,9,9,7,1.0,0.7777777777777778
20111231,Below USD 1bn,31,DEPUNINS,20,20,2,1.0,0.1
20111231,Below USD 1bn,41,DEPUNINS,6193,6193,138,1.0,0.022283222993702567
20111231,Below USD 1bn,100,DEPUNINS,553,553,38,1.0,0.06871609403254973
20120331,At least USD 1bn,2,DEPUNINS,9,9,3,1.0,0.3333333333333333
20120331,At least USD 1bn,31,DEPUNINS,79,79,1,1.0,0.012658227848101266
20120331,At least USD 1bn,41,DEPUNINS,587,587,6,1.0,0.010221465076660987
20120331,Below USD 1bn,2,DEPUNINS,8,8,5,1.0,0.625
20120331,Below USD 1bn,31,DEPUNINS,19,19,2,1.0,0.10526315789473684
20120331,Below USD 1bn,41,DEPUNINS,6692,6692,141,1.0,0.02106993424985057
20120630,At least USD 1bn,2,DEPUNINS,9,9,3,1.0,0.3333333333333333
20120630,At least USD 1bn,31,DEPUNINS,81,81,1,1.0,0.012345679012345678
20120630,At least USD 1bn,41,DEPUNINS,581,581,7,1.0,0.012048192771084338
20120630,Below USD 1bn,2,DEPUNINS,8,8,5,1.0,0.625
20120630,Below USD 1bn,31,DEPUNINS,19,19,2,1.0,0.10526315789473684
20120630,Below USD 1bn,41,DEPUNINS,6633,6633,136,1.0,0.020503542891602593
20120930,At least USD 1bn,2,DEPUNINS,10,10,4,1.0,0.4
20120930,At least USD 1bn,31,DEPUNINS,82,82,1,1.0,0.012195121951219513
20120930,At least USD 1bn,41,DEPUNINS,579,579,8,1.0,0.013816925734024179
20120930,Below USD 1bn,2,DEPUNINS,7,7,4,1.0,0.5714285714285714
20120930,Below USD 1bn,31,DEPUNINS,19,19,2,1.0,0.10526315789473684
20120930,Below USD 1bn,41,DEPUNINS,6569,6569,137,1.0,0.020855533566752932
20121231,At least USD 1bn,2,DEPUNINS,9,9,3,1.0,0.3333333333333333
20121231,At least USD 1bn,31,DEPUNINS,82,82,1,1.0,0.012195121951219513
20121231,At least USD 1bn,41,DEPUNINS,582,582,8,1.0,0.013745704467353952
20121231,Below USD 1bn,2,DEPUNINS,7,7,4,1.0,0.5714285714285714
20121231,Below USD 1bn,31,DEPUNINS,19,19,1,1.0,0.05263157894736842
20121231,Below USD 1bn,41,DEPUNINS,6467,6467,138,1.0,0.021339106231637546
20130331,At least USD 1bn,2,DEPUNINS,9,9,3,1.0,0.3333333333333333
20130331,At least USD 1bn,31,DEPUNINS,75,75,1,1.0,0.013333333333333334
20130331,At least USD 1bn,41,DEPUNINS,590,590,8,1.0,0.013559322033898305
20130331,Below USD 1bn,2,DEPUNINS,7,7,4,1.0,0.5714285714285714
20130331,Below USD 1bn,31,DEPUNINS,20,20,1,1.0,0.05
20130331,Below USD 1bn,41,DEPUNINS,6400,6400,91,1.0,0.01421875
20130630,At least USD 1bn,2,DEPUNINS,11,11,3,1.0,0.2727272727272727
20130630,At least USD 1bn,31,DEPUNINS,76,76,1,1.0,0.013157894736842105
20130630,At least USD 1bn,41,DEPUNINS,579,579,5,1.0,0.008635578583765112
20130630,Below USD 1bn,2,DEPUNINS,6,6,5,1.0,0.8333333333333334
20130630,Below USD 1bn,31,DEPUNINS,19,19,1,1.0,0.05263157894736842
20130630,Below USD 1bn,41,DEPUNINS,6331,6331,91,1.0,0.014373716632443531
20130930,At least USD 1bn,2,DEPUNINS,11,11,3,1.0,0.2727272727272727
20130930,At least USD 1bn,31,DEPUNINS,75,75,1,1.0,0.013333333333333334
20130930,At least USD 1bn,41,DEPUNINS,595,595,6,1.0,0.010084033613445379
20130930,Below USD 1bn,2,DEPUNINS,6,6,5,1.0,0.8333333333333334
20130930,Below USD 1bn,31,DEPUNINS,20,20,1,1.0,0.05
20130930,Below USD 1bn,41,DEPUNINS,6265,6265,90,1.0,0.014365522745411013
20131231,At least USD 1bn,2,DEPUNINS,11,11,4,1.0,0.36363636363636365
20131231,At least USD 1bn,31,DEPUNINS,75,75,1,1.0,0.013333333333333334
20131231,At least USD 1bn,41,DEPUNINS,593,593,5,1.0,0.008431703204047217
20131231,Below USD 1bn,2,DEPUNINS,6,6,4,1.0,0.6666666666666666
20131231,Below USD 1bn,31,DEPUNINS,20,20,1,1.0,0.05
20131231,Below USD 1bn,41,DEPUNINS,6189,6189,86,1.0,0.013895621263532073
20140331,At least USD 1bn,2,DEPUNINS,10,10,3,1.0,0.3
20140331,At least USD 1bn,31,DEPUNINS,72,72,1,1.0,0.013888888888888888
20140331,At least USD 1bn,41,DEPUNINS,601,601,5,1.0,0.008319467554076539
20140331,Below USD 1bn,2,DEPUNINS,7,7,5,1.0,0.7142857142857143
20140331,Below USD 1bn,31,DEPUNINS,18,18,1,1.0,0.05555555555555555
20140331,Below USD 1bn,41,DEPUNINS,6104,6104,94,1.0,0.015399737876802096
20140630,At least USD 1bn,2,DEPUNINS,12,12,4,1.0,0.3333333333333333
20140630,At least USD 1bn,31,DEPUNINS,72,72,1,1.0,0.013888888888888888
20140630,At least USD 1bn,41,DEPUNINS,604,604,5,1.0,0.008278145695364239
20140630,Below USD 1bn,2,DEPUNINS,5,5,4,1.0,0.8
20140630,Below USD 1bn,31,DEPUNINS,18,18,1,1.0,0.05555555555555555
20140630,Below USD 1bn,41,DEPUNINS,6027,6027,86,1.0,0.014269122283059566
20140930,At least USD 1bn,2,DEPUNINS,11,11,4,1.0,0.36363636363636365
20140930,At least USD 1bn,31,DEPUNINS,73,73,1,1.0,0.0136986301369863
20140930,At least USD 1bn,41,DEPUNINS,612,612,5,1.0,0.008169934640522876
20140930,Below USD 1bn,2,DEPUNINS,6,6,4,1.0,0.6666666666666666
20140930,Below USD 1bn,31,DEPUNINS,17,17,0,1.0,0.0
20140930,Below USD 1bn,41,DEPUNINS,5949,5949,85,1.0,0.014288115649689024
20141231,At least USD 1bn,2,DEPUNINS,11,11,4,1.0,0.36363636363636365
20141231,At least USD 1bn,31,DEPUNINS,72,72,1,1.0,0.013888888888888888
20141231,At least USD 1bn,41,DEPUNINS,611,611,5,1.0,0.008183306055646482
20141231,Below USD 1bn,2,DEPUNINS,6,6,4,1.0,0.6666666666666666
20141231,Below USD 1bn,31,DEPUNINS,17,17,0,1.0,0.0
20141231,Below USD 1bn,41,DEPUNINS,5870,5870,83,1.0,0.0141396933560477
20150331,At least USD 1bn,2,DEPUNINS,11,11,4,1.0,0.36363636363636365
20150331,At least USD 1bn,31,DEPUNINS,70,70,1,1.0,0.014285714285714285
20150331,At least USD 1bn,41,DEPUNINS,626,626,4,1.0,0.006389776357827476
20150331,Below USD 1bn,2,DEPUNINS,6,6,4,1.0,0.6666666666666666
20150331,Below USD 1bn,31,DEPUNINS,14,14,1,1.0,0.07142857142857142
20150331,Below USD 1bn,41,DEPUNINS,5769,5769,85,1.0,0.014733922690240943
20150630,At least USD 1bn,2,DEPUNINS,12,12,4,1.0,0.3333333333333333
20150630,At least USD 1bn,31,DEPUNINS,69,69,1,1.0,0.014492753623188406
20150630,At least USD 1bn,41,DEPUNINS,635,635,4,1.0,0.006299212598425197
20150630,Below USD 1bn,2,DEPUNINS,5,5,4,1.0,0.8
20150630,Below USD 1bn,31,DEPUNINS,15,15,1,1.0,0.06666666666666667
20150630,Below USD 1bn,41,DEPUNINS,5689,5689,81,1.0,0.014238003164000703
20150930,At least USD 1bn,2,DEPUNINS,11,11,4,1.0,0.36363636363636365
20150930,At least USD 1bn,31,DEPUNINS,69,69,1,1.0,0.014492753623188406
20150930,At least USD 1bn,41,DEPUNINS,639,639,3,1.0,0.004694835680751174
20150930,Below USD 1bn,2,DEPUNINS,6,6,4,1.0,0.6666666666666666
20150930,Below USD 1bn,31,DEPUNINS,13,13,0,1.0,0.0
20150930,Below USD 1bn,41,DEPUNINS,5607,5607,78,1.0,0.013911182450508293
20151231,At least USD 1bn,2,DEPUNINS,11,11,4,1.0,0.36363636363636365
20151231,At least USD 1bn,31,DEPUNINS,69,69,1,1.0,0.014492753623188406
20151231,At least USD 1bn,41,DEPUNINS,635,635,3,1.0,0.004724409448818898
20151231,Below USD 1bn,2,DEPUNINS,6,6,4,1.0,0.6666666666666666
20151231,Below USD 1bn,31,DEPUNINS,13,13,0,1.0,0.0
20151231,Below USD 1bn,41,DEPUNINS,5521,5521,72,1.0,0.013041115739902192
20160331,At least USD 1bn,2,DEPUNINS,12,12,4,1.0,0.3333333333333333
20160331,At least USD 1bn,31,DEPUNINS,63,63,1,1.0,0.015873015873015872
20160331,At least USD 1bn,41,DEPUNINS,664,664,3,1.0,0.004518072289156626
20160331,Below USD 1bn,2,DEPUNINS,5,5,4,1.0,0.8
20160331,Below USD 1bn,31,DEPUNINS,11,11,0,1.0,0.0
20160331,Below USD 1bn,41,DEPUNINS,5438,5438,71,1.0,0.01305627068775285
20160630,At least USD 1bn,2,DEPUNINS,11,11,3,1.0,0.2727272727272727
20160630,At least USD 1bn,31,DEPUNINS,63,63,1,1.0,0.015873015873015872
20160630,At least USD 1bn,41,DEPUNINS,670,670,3,1.0,0.004477611940298508
20160630,Below USD 1bn,2,DEPUNINS,6,6,5,1.0,0.8333333333333334
20160630,Below USD 1bn,31,DEPUNINS,11,11,0,1.0,0.0
20160630,Below USD 1bn,41,DEPUNINS,5368,5368,68,1.0,0.012667660208643815
20160930,At least USD 1bn,2,DEPUNINS,12,12,4,1.0,0.3333333333333333
20160930,At least USD 1bn,31,DEPUNINS,63,63,1,1.0,0.015873015873015872
20160930,At least USD 1bn,41,DEPUNINS,674,674,3,1.0,0.004451038575667656
20160930,Below USD 1bn,2,DEPUNINS,5,5,4,1.0,0.8
20160930,Below USD 1bn,31,DEPUNINS,13,13,0,1.0,0.0
20160930,Below USD 1bn,41,DEPUNINS,5284,5284,68,1.0,0.012869038607115822
20161231,At least USD 1bn,2,DEPUNINS,11,11,4,1.0,0.36363636363636365
20161231,At least USD 1bn,31,DEPUNINS,63,63,1,1.0,0.015873015873015872
20161231,At least USD 1bn,41,DEPUNINS,674,674,3,1.0,0.004451038575667656
20161231,Below USD 1bn,2,DEPUNINS,6,6,4,1.0,0.6666666666666666
20161231,Below USD 1bn,31,DEPUNINS,13,13,1,1.0,0.07692307692307693
20161231,Below USD 1bn,41,DEPUNINS,5216,5216,64,1.0,0.012269938650306749
20170331,At least USD 1bn,2,DEPUNINS,12,12,4,1.0,0.3333333333333333
20170331,At least USD 1bn,31,DEPUNINS,58,58,1,1.0,0.017241379310344827
20170331,At least USD 1bn,41,DEPUNINS,689,689,3,1.0,0.0043541364296081275
20170331,At least USD 1bn,51,DEPUNINS,5,5,0,1.0,0.0
20170331,Below USD 1bn,2,DEPUNINS,5,5,4,1.0,0.8
20170331,Below USD 1bn,31,DEPUNINS,12,12,1,1.0,0.08333333333333333
20170331,Below USD 1bn,41,DEPUNINS,1644,1644,28,1.0,0.0170316301703163
20170331,Below USD 1bn,51,DEPUNINS,3500,3500,41,1.0,0.011714285714285714
20170630,At least USD 1bn,2,DEPUNINS,12,12,4,1.0,0.3333333333333333
20170630,At least USD 1bn,31,DEPUNINS,59,59,1,1.0,0.01694915254237288
20170630,At least USD 1bn,41,DEPUNINS,689,689,3,1.0,0.0043541364296081275
20170630,At least USD 1bn,51,DEPUNINS,6,6,0,1.0,0.0
20170630,Below USD 1bn,2,DEPUNINS,5,5,4,1.0,0.8
20170630,Below USD 1bn,31,DEPUNINS,10,10,0,1.0,0.0
20170630,Below USD 1bn,41,DEPUNINS,1477,1477,26,1.0,0.017603249830737983
20170630,Below USD 1bn,51,DEPUNINS,3598,3598,38,1.0,0.010561423012784881
20170930,At least USD 1bn,2,DEPUNINS,13,13,5,1.0,0.38461538461538464
20170930,At least USD 1bn,31,DEPUNINS,59,59,1,1.0,0.01694915254237288
20170930,At least USD 1bn,41,DEPUNINS,687,687,2,1.0,0.002911208151382824
20170930,At least USD 1bn,51,DEPUNINS,12,12,0,1.0,0.0
20170930,Below USD 1bn,2,DEPUNINS,4,4,3,1.0,0.75
20170930,Below USD 1bn,31,DEPUNINS,10,10,0,1.0,0.0
20170930,Below USD 1bn,41,DEPUNINS,1378,1378,27,1.0,0.019593613933236574
20170930,Below USD 1bn,51,DEPUNINS,3643,3643,41,1.0,0.011254460609387867
20171231,At least USD 1bn,2,DEPUNINS,12,12,5,1.0,0.4166666666666667
20171231,At least USD 1bn,31,DEPUNINS,58,58,1,1.0,0.017241379310344827
20171231,At least USD 1bn,41,DEPUNINS,679,679,2,1.0,0.0029455081001472753
20171231,At least USD 1bn,51,DEPUNINS,15,15,1,1.0,0.06666666666666667
20171231,Below USD 1bn,2,DEPUNINS,5,5,3,1.0,0.6
20171231,Below USD 1bn,31,DEPUNINS,10,10,0,1.0,0.0
20171231,Below USD 1bn,41,DEPUNINS,1333,1333,28,1.0,0.021005251312828207
20171231,Below USD 1bn,51,DEPUNINS,3626,3626,39,1.0,0.01075565361279647
20180331,At least USD 1bn,2,DEPUNINS,13,13,5,1.0,0.38461538461538464
20180331,At least USD 1bn,31,DEPUNINS,59,59,1,1.0,0.01694915254237288
20180331,At least USD 1bn,41,DEPUNINS,693,693,4,1.0,0.005772005772005772
20180331,At least USD 1bn,51,DEPUNINS,11,11,1,1.0,0.09090909090909091
20180331,Below USD 1bn,2,DEPUNINS,4,4,3,1.0,0.75
20180331,Below USD 1bn,31,DEPUNINS,9,9,0,1.0,0.0
20180331,Below USD 1bn,41,DEPUNINS,1144,1144,27,1.0,0.0236013986013986
20180331,Below USD 1bn,51,DEPUNINS,3741,3741,37,1.0,0.009890403635391606
20180630,At least USD 1bn,2,DEPUNINS,13,13,5,1.0,0.38461538461538464
20180630,At least USD 1bn,31,DEPUNINS,65,65,1,1.0,0.015384615384615385
20180630,At least USD 1bn,41,DEPUNINS,695,695,4,1.0,0.0057553956834532375
20180630,At least USD 1bn,51,DEPUNINS,14,14,1,1.0,0.07142857142857142
20180630,Below USD 1bn,2,DEPUNINS,4,4,3,1.0,0.75
20180630,Below USD 1bn,31,DEPUNINS,9,9,0,1.0,0.0
20180630,Below USD 1bn,41,DEPUNINS,1110,1110,27,1.0,0.024324324324324326
20180630,Below USD 1bn,51,DEPUNINS,3700,3700,37,1.0,0.01
20180930,At least USD 1bn,2,DEPUNINS,13,13,5,1.0,0.38461538461538464
20180930,At least USD 1bn,31,DEPUNINS,66,66,1,1.0,0.015151515151515152
20180930,At least USD 1bn,41,DEPUNINS,691,691,5,1.0,0.00723589001447178
20180930,At least USD 1bn,51,DEPUNINS,19,19,0,1.0,0.0
20180930,Below USD 1bn,2,DEPUNINS,4,4,3,1.0,0.75
20180930,Below USD 1bn,31,DEPUNINS,10,10,0,1.0,0.0
20180930,Below USD 1bn,41,DEPUNINS,1092,1092,27,1.0,0.024725274725274724
20180930,Below USD 1bn,51,DEPUNINS,3649,3649,35,1.0,0.00959166895039737
20181231,At least USD 1bn,2,DEPUNINS,13,13,5,1.0,0.38461538461538464
20181231,At least USD 1bn,31,DEPUNINS,66,66,1,1.0,0.015151515151515152
20181231,At least USD 1bn,41,DEPUNINS,690,690,4,1.0,0.005797101449275362
20181231,At least USD 1bn,51,DEPUNINS,22,22,0,1.0,0.0
20181231,Below USD 1bn,2,DEPUNINS,4,4,3,1.0,0.75
20181231,Below USD 1bn,31,DEPUNINS,10,10,0,1.0,0.0
20181231,Below USD 1bn,41,DEPUNINS,1066,1066,27,1.0,0.025328330206378986
20181231,Below USD 1bn,51,DEPUNINS,3602,3602,34,1.0,0.009439200444197668
20190331,At least USD 1bn,2,DEPUNINS,12,12,4,1.0,0.3333333333333333
20190331,At least USD 1bn,31,DEPUNINS,65,65,1,1.0,0.015384615384615385
20190331,At least USD 1bn,41,DEPUNINS,709,709,4,1.0,0.005641748942172073
20190331,At least USD 1bn,51,DEPUNINS,18,18,0,1.0,0.0
20190331,Below USD 1bn,2,DEPUNINS,5,5,4,1.0,0.8
20190331,Below USD 1bn,31,DEPUNINS,10,10,0,1.0,0.0
20190331,Below USD 1bn,41,DEPUNINS,950,950,27,1.0,0.028421052631578948
20190331,Below USD 1bn,51,DEPUNINS,3659,3659,34,1.0,0.009292156326865263
20190630,At least USD 1bn,2,DEPUNINS,13,13,5,1.0,0.38461538461538464
20190630,At least USD 1bn,31,DEPUNINS,63,63,1,1.0,0.015873015873015872
20190630,At least USD 1bn,41,DEPUNINS,707,707,3,1.0,0.004243281471004243
20190630,At least USD 1bn,51,DEPUNINS,25,25,0,1.0,0.0
20190630,Below USD 1bn,2,DEPUNINS,4,4,3,1.0,0.75
20190630,Below USD 1bn,31,DEPUNINS,10,10,0,1.0,0.0
20190630,Below USD 1bn,41,DEPUNINS,928,928,26,1.0,0.028017241379310345
20190630,Below USD 1bn,51,DEPUNINS,3619,3619,34,1.0,0.009394860458690245
20190930,At least USD 1bn,2,DEPUNINS,13,13,5,1.0,0.38461538461538464
20190930,At least USD 1bn,31,DEPUNINS,64,64,1,1.0,0.015625
20190930,At least USD 1bn,41,DEPUNINS,602,602,3,1.0,0.0049833887043189366
20190930,At least USD 1bn,51,DEPUNINS,141,141,1,1.0,0.0070921985815602835
20190930,Below USD 1bn,2,DEPUNINS,4,4,3,1.0,0.75
20190930,Below USD 1bn,31,DEPUNINS,8,8,0,1.0,0.0
20190930,Below USD 1bn,41,DEPUNINS,882,882,26,1.0,0.02947845804988662
20190930,Below USD 1bn,51,DEPUNINS,3611,3611,32,1.0,0.008861811132650235
20191231,At least USD 1bn,2,DEPUNINS,13,13,5,1.0,0.38461538461538464
20191231,At least USD 1bn,31,DEPUNINS,64,64,1,1.0,0.015625
20191231,At least USD 1bn,41,DEPUNINS,578,578,3,1.0,0.005190311418685121
20191231,At least USD 1bn,51,DEPUNINS,157,157,1,1.0,0.006369426751592357
20191231,Below USD 1bn,2,DEPUNINS,4,4,3,1.0,0.75
20191231,Below USD 1bn,31,DEPUNINS,8,8,0,1.0,0.0
20191231,Below USD 1bn,41,DEPUNINS,855,855,28,1.0,0.03274853801169591
20191231,Below USD 1bn,51,DEPUNINS,3565,3565,35,1.0,0.009817671809256662
20200331,At least USD 1bn,2,DEPUNINS,13,13,5,1.0,0.38461538461538464
20200331,At least USD 1bn,31,DEPUNINS,71,71,2,1.0,0.028169014084507043
20200331,At least USD 1bn,41,DEPUNINS,542,542,2,1.0,0.0036900369003690036
20200331,At least USD 1bn,51,DEPUNINS,214,214,0,1.0,0.0
20200331,Below USD 1bn,2,DEPUNINS,4,4,3,1.0,0.75
20200331,Below USD 1bn,31,DEPUNINS,13,13,4,1.0,0.3076923076923077
20200331,Below USD 1bn,41,DEPUNINS,770,770,22,1.0,0.02857142857142857
20200331,Below USD 1bn,51,DEPUNINS,3555,3555,36,1.0,0.010126582278481013
20200630,At least USD 1bn,2,DEPUNINS,12,12,4,1.0,0.3333333333333333
20200630,At least USD 1bn,31,DEPUNINS,71,71,2,1.0,0.028169014084507043
20200630,At least USD 1bn,41,DEPUNINS,570,570,2,1.0,0.0035087719298245615
20200630,At least USD 1bn,51,DEPUNINS,265,265,0,1.0,0.0
20200630,Below USD 1bn,2,DEPUNINS,5,5,4,1.0,0.8
20200630,Below USD 1bn,31,DEPUNINS,14,14,5,1.0,0.35714285714285715
20200630,Below USD 1bn,41,DEPUNINS,730,730,20,1.0,0.0273972602739726
20200630,Below USD 1bn,51,DEPUNINS,3464,3464,34,1.0,0.009815242494226328
20200930,At least USD 1bn,2,DEPUNINS,12,12,4,1.0,0.3333333333333333
20200930,At least USD 1bn,31,DEPUNINS,71,71,2,1.0,0.028169014084507043
20200930,At least USD 1bn,41,DEPUNINS,575,575,2,1.0,0.0034782608695652175
20200930,At least USD 1bn,51,DEPUNINS,274,274,0,1.0,0.0
20200930,Below USD 1bn,2,DEPUNINS,5,5,4,1.0,0.8
20200930,Below USD 1bn,31,DEPUNINS,14,14,5,1.0,0.35714285714285715
20200930,Below USD 1bn,41,DEPUNINS,713,713,19,1.0,0.02664796633941094
20200930,Below USD 1bn,51,DEPUNINS,3434,3434,35,1.0,0.01019219569015725
20201231,At least USD 1bn,2,DEPUNINS,12,12,4,1.0,0.3333333333333333
20201231,At least USD 1bn,31,DEPUNINS,71,71,2,1.0,0.028169014084507043
20201231,At least USD 1bn,41,DEPUNINS,577,577,2,1.0,0.0034662045060658577
20201231,At least USD 1bn,51,DEPUNINS,282,282,0,1.0,0.0
20201231,Below USD 1bn,2,DEPUNINS,5,5,4,1.0,0.8
20201231,Below USD 1bn,31,DEPUNINS,14,14,5,1.0,0.35714285714285715
20201231,Below USD 1bn,41,DEPUNINS,704,704,18,1.0,0.02556818181818182
20201231,Below USD 1bn,51,DEPUNINS,3402,3402,35,1.0,0.0102880658436214
20210331,At least USD 1bn,2,DEPUNINS,12,12,4,1.0,0.3333333333333333
20210331,At least USD 1bn,31,DEPUNINS,72,72,2,1.0,0.027777777777777776
20210331,At least USD 1bn,41,DEPUNINS,582,582,2,1.0,0.003436426116838488
20210331,At least USD 1bn,51,DEPUNINS,313,313,0,1.0,0.0
20210331,Below USD 1bn,2,DEPUNINS,5,5,4,1.0,0.8
20210331,Below USD 1bn,31,DEPUNINS,14,14,5,1.0,0.35714285714285715
20210331,Below USD 1bn,41,DEPUNINS,665,665,16,1.0,0.02406015037593985
20210331,Below USD 1bn,51,DEPUNINS,3381,3381,36,1.0,0.01064773735581189
20210630,At least USD 1bn,2,DEPUNINS,12,12,4,1.0,0.3333333333333333
20210630,At least USD 1bn,31,DEPUNINS,71,71,2,1.0,0.028169014084507043
20210630,At least USD 1bn,41,DEPUNINS,581,581,2,1.0,0.0034423407917383822
20210630,At least USD 1bn,51,DEPUNINS,328,328,0,1.0,0.0
20210630,Below USD 1bn,2,DEPUNINS,5,5,4,1.0,0.8
20210630,Below USD 1bn,31,DEPUNINS,14,14,5,1.0,0.35714285714285715
20210630,Below USD 1bn,41,DEPUNINS,659,659,16,1.0,0.024279210925644917
20210630,Below USD 1bn,51,DEPUNINS,3345,3345,35,1.0,0.01046337817638266
20210930,At least USD 1bn,2,DEPUNINS,13,13,5,1.0,0.38461538461538464
20210930,At least USD 1bn,31,DEPUNINS,71,71,2,1.0,0.028169014084507043
20210930,At least USD 1bn,41,DEPUNINS,583,583,2,1.0,0.003430531732418525
20210930,At least USD 1bn,51,DEPUNINS,344,344,0,1.0,0.0
20210930,Below USD 1bn,2,DEPUNINS,4,4,3,1.0,0.75
20210930,Below USD 1bn,31,DEPUNINS,14,14,5,1.0,0.35714285714285715
20210930,Below USD 1bn,41,DEPUNINS,648,648,16,1.0,0.024691358024691357
20210930,Below USD 1bn,51,DEPUNINS,3302,3302,35,1.0,0.010599636583888553
20211231,At least USD 1bn,2,DEPUNINS,13,13,5,1.0,0.38461538461538464
20211231,At least USD 1bn,31,DEPUNINS,70,70,2,1.0,0.02857142857142857
20211231,At least USD 1bn,41,DEPUNINS,568,568,1,1.0,0.0017605633802816902
20211231,At least USD 1bn,51,DEPUNINS,339,339,1,1.0,0.0029498525073746312
20211231,Below USD 1bn,2,DEPUNINS,4,4,3,1.0,0.75
20211231,Below USD 1bn,31,DEPUNINS,14,14,5,1.0,0.35714285714285715
20211231,Below USD 1bn,41,DEPUNINS,636,636,17,1.0,0.026729559748427674
20211231,Below USD 1bn,51,DEPUNINS,3260,3260,34,1.0,0.010429447852760737
20220331,At least USD 1bn,2,DEPUNINS,13,13,5,1.0,0.38461538461538464
20220331,At least USD 1bn,31,DEPUNINS,72,72,2,1.0,0.027777777777777776
20220331,At least USD 1bn,41,DEPUNINS,561,561,2,1.0,0.0035650623885918
20220331,At least USD 1bn,51,DEPUNINS,357,357,1,1.0,0.0028011204481792717
20220331,Below USD 1bn,2,DEPUNINS,4,4,3,1.0,0.75
20220331,Below USD 1bn,31,DEPUNINS,14,14,5,1.0,0.35714285714285715
20220331,Below USD 1bn,41,DEPUNINS,609,609,16,1.0,0.026272577996715927
20220331,Below USD 1bn,51,DEPUNINS,3231,3231,35,1.0,0.010832559579077685
20220630,At least USD 1bn,2,DEPUNINS,13,13,5,1.0,0.38461538461538464
20220630,At least USD 1bn,31,DEPUNINS,72,72,2,1.0,0.027777777777777776
20220630,At least USD 1bn,41,DEPUNINS,552,552,2,1.0,0.0036231884057971015
20220630,At least USD 1bn,51,DEPUNINS,357,357,1,1.0,0.0028011204481792717
20220630,Below USD 1bn,2,DEPUNINS,4,4,3,1.0,0.75
20220630,Below USD 1bn,31,DEPUNINS,13,13,5,1.0,0.38461538461538464
20220630,Below USD 1bn,41,DEPUNINS,612,612,16,1.0,0.026143790849673203
20220630,Below USD 1bn,51,DEPUNINS,3215,3215,37,1.0,0.011508553654743391
20220930,At least USD 1bn,2,DEPUNINS,13,13,5,1.0,0.38461538461538464
20220930,At least USD 1bn,31,DEPUNINS,72,72,2,1.0,0.027777777777777776
20220930,At least USD 1bn,41,DEPUNINS,552,552,3,1.0,0.005434782608695652
20220930,At least USD 1bn,51,DEPUNINS,368,368,1,1.0,0.002717391304347826
20220930,Below USD 1bn,2,DEPUNINS,4,4,3,1.0,0.75
20220930,Below USD 1bn,31,DEPUNINS,12,12,5,1.0,0.4166666666666667
20220930,Below USD 1bn,41,DEPUNINS,603,603,16,1.0,0.026533996683250415
20220930,Below USD 1bn,51,DEPUNINS,3189,3189,36,1.0,0.011288805268109126
20221231,At least USD 1bn,2,DEPUNINS,13,13,5,1.0,0.38461538461538464
20221231,At least USD 1bn,31,DEPUNINS,71,71,2,1.0,0.028169014084507043
20221231,At least USD 1bn,41,DEPUNINS,548,548,3,1.0,0.005474452554744526
20221231,At least USD 1bn,51,DEPUNINS,367,367,1,1.0,0.0027247956403269754
20221231,Below USD 1bn,2,DEPUNINS,4,4,3,1.0,0.75
20221231,Below USD 1bn,31,DEPUNINS,12,12,5,1.0,0.4166666666666667
20221231,Below USD 1bn,41,DEPUNINS,596,596,16,1.0,0.026845637583892617
20221231,Below USD 1bn,51,DEPUNINS,3162,3162,36,1.0,0.011385199240986717
20230331,At least USD 1bn,2,DEPUNINS,13,13,5,1.0,0.38461538461538464
20230331,At least USD 1bn,31,DEPUNINS,69,69,2,1.0,0.028985507246376812
20230331,At least USD 1bn,41,DEPUNINS,545,545,2,1.0,0.003669724770642202
20230331,At least USD 1bn,51,DEPUNINS,380,380,2,1.0,0.005263157894736842
20230331,Below USD 1bn,2,DEPUNINS,4,4,3,1.0,0.75
20230331,Below USD 1bn,31,DEPUNINS,12,12,5,1.0,0.4166666666666667
20230331,Below USD 1bn,41,DEPUNINS,574,574,16,1.0,0.027874564459930314
20230331,Below USD 1bn,51,DEPUNINS,3143,3143,34,1.0,0.010817690104995227
20230630,At least USD 1bn,2,DEPUNINS,13,13,5,1.0,0.38461538461538464
20230630,At least USD 1bn,31,DEPUNINS,67,67,2,1.0,0.029850746268656716
20230630,At least USD 1bn,41,DEPUNINS,544,544,2,1.0,0.003676470588235294
20230630,At least USD 1bn,51,DEPUNINS,386,386,2,1.0,0.0051813471502590676
20230630,Below USD 1bn,2,DEPUNINS,4,4,3,1.0,0.75
20230630,Below USD 1bn,31,DEPUNINS,12,12,5,1.0,0.4166666666666667
20230630,Below USD 1bn,41,DEPUNINS,569,569,16,1.0,0.028119507908611598
20230630,Below USD 1bn,51,DEPUNINS,3119,3119,35,1.0,0.01122154536710484
20230930,At least USD 1bn,2,DEPUNINS,13,13,5,1.0,0.38461538461538464
20230930,At least USD 1bn,31,DEPUNINS,69,69,2,1.0,0.028985507246376812
20230930,At least USD 1bn,41,DEPUNINS,542,542,2,1.0,0.0036900369003690036
20230930,At least USD 1bn,51,DEPUNINS,392,392,1,1.0,0.002551020408163265
20230930,Below USD 1bn,2,DEPUNINS,4,4,3,1.0,0.75
20230930,Below USD 1bn,31,DEPUNINS,12,12,5,1.0,0.4166666666666667
20230930,Below USD 1bn,41,DEPUNINS,562,562,17,1.0,0.030249110320284697
20230930,Below USD 1bn,51,DEPUNINS,3092,3092,36,1.0,0.01164294954721863
20231231,At least USD 1bn,2,DEPUNINS,13,13,5,1.0,0.38461538461538464
20231231,At least USD 1bn,31,DEPUNINS,70,70,2,1.0,0.02857142857142857
20231231,At least USD 1bn,41,DEPUNINS,540,540,2,1.0,0.003703703703703704
20231231,At least USD 1bn,51,DEPUNINS,384,384,1,1.0,0.0026041666666666665
20231231,Below USD 1bn,2,DEPUNINS,4,4,3,1.0,0.75
20231231,Below USD 1bn,31,DEPUNINS,11,11,5,1.0,0.45454545454545453
20231231,Below USD 1bn,41,DEPUNINS,556,556,19,1.0,0.0341726618705036
20231231,Below USD 1bn,51,DEPUNINS,3080,3080,34,1.0,0.01103896103896104
20240331,At least USD 1bn,2,DEPUNINS,13,13,5,1.0,0.38461538461538464
20240331,At least USD 1bn,31,DEPUNINS,71,71,2,1.0,0.028169014084507043
20240331,At least USD 1bn,41,DEPUNINS,539,539,2,1.0,0.0037105751391465678
20240331,At least USD 1bn,51,DEPUNINS,418,418,1,1.0,0.0023923444976076554
20240331,Below USD 1bn,2,DEPUNINS,4,4,3,1.0,0.75
20240331,Below USD 1bn,31,DEPUNINS,11,11,5,1.0,0.45454545454545453
20240331,Below USD 1bn,41,DEPUNINS,534,534,20,1.0,0.03745318352059925
20240331,Below USD 1bn,51,DEPUNINS,3050,3050,35,1.0,0.011475409836065573
20240630,At least USD 1bn,2,DEPUNINS,13,13,5,1.0,0.38461538461538464
20240630,At least USD 1bn,31,DEPUNINS,71,71,2,1.0,0.028169014084507043
20240630,At least USD 1bn,41,DEPUNINS,533,533,2,1.0,0.00375234521575985
20240630,At least USD 1bn,51,DEPUNINS,423,423,1,1.0,0.002364066193853428
20240630,Below USD 1bn,2,DEPUNINS,4,4,3,1.0,0.75
20240630,Below USD 1bn,31,DEPUNINS,11,11,5,1.0,0.45454545454545453
20240630,Below USD 1bn,41,DEPUNINS,531,531,19,1.0,0.035781544256120526
20240630,Below USD 1bn,51,DEPUNINS,3024,3024,35,1.0,0.011574074074074073
20240930,At least USD 1bn,2,DEPUNINS,13,13,5,1.0,0.38461538461538464
20240930,At least USD 1bn,31,DEPUNINS,71,71,2,1.0,0.028169014084507043
20240930,At least USD 1bn,41,DEPUNINS,533,533,2,1.0,0.00375234521575985
20240930,At least USD 1bn,51,DEPUNINS,429,429,1,1.0,0.002331002331002331
20240930,Below USD 1bn,2,DEPUNINS,4,4,3,1.0,0.75
20240930,Below USD 1bn,31,DEPUNINS,11,11,5,1.0,0.45454545454545453
20240930,Below USD 1bn,41,DEPUNINS,524,524,18,1.0,0.03435114503816794
20240930,Below USD 1bn,51,DEPUNINS,3004,3004,34,1.0,0.011318242343541944
20241231,At least USD 1bn,2,DEPUNINS,13,13,5,1.0,0.38461538461538464
20241231,At least USD 1bn,31,DEPUNINS,71,71,2,1.0,0.028169014084507043
20241231,At least USD 1bn,41,DEPUNINS,530,530,2,1.0,0.0037735849056603774
20241231,At least USD 1bn,51,DEPUNINS,420,420,1,1.0,0.002380952380952381
20241231,Below USD 1bn,2,DEPUNINS,4,4,3,1.0,0.75
20241231,Below USD 1bn,31,DEPUNINS,11,11,5,1.0,0.45454545454545453
20241231,Below USD 1bn,41,DEPUNINS,523,523,19,1.0,0.036328871892925434
20241231,Below USD 1bn,51,DEPUNINS,2988,2988,37,1.0,0.012382864792503346
