Quarter,Asset group,Field,Rows,API populated,Zero values,Date,Coverage,Zero share,Missing,Zero,Nonzero
20100331,At least USD 1bn,DEPUNA,692,692,30,2010-03-31,1.0,0.04335260115606936,0,30,662
20100331,At least USD 1bn,DEPUNINS,692,692,10,2010-03-31,1.0,0.014450867052023121,0,10,682
20100331,Below USD 1bn,DEPUNA,7332,6999,6692,2010-03-31,0.954582651391162,0.9561365909415631,333,6692,307
20100331,Below USD 1bn,DEPUNINS,7332,7332,170,2010-03-31,1.0,0.0231860338243317,0,170,7162
20100630,At least USD 1bn,DEPUNA,673,673,30,2010-06-30,1.0,0.04457652303120357,0,30,643
20100630,At least USD 1bn,DEPUNINS,673,673,10,2010-06-30,1.0,0.014858841010401188,0,10,663
20100630,Below USD 1bn,DEPUNA,7249,6903,6610,2010-06-30,0.9522692785211754,0.9575546863682457,346,6610,293
20100630,Below USD 1bn,DEPUNINS,7249,7249,172,2010-06-30,1.0,0.023727410677334804,0,172,7077
20100930,At least USD 1bn,DEPUNA,679,679,30,2010-09-30,1.0,0.044182621502209134,0,30,649
20100930,At least USD 1bn,DEPUNINS,679,679,11,2010-09-30,1.0,0.016200294550810016,0,11,668
20100930,Below USD 1bn,DEPUNA,7173,6832,6549,2010-09-30,0.9524606161996375,0.9585772833723654,341,6549,283
20100930,Below USD 1bn,DEPUNINS,7173,7173,162,2010-09-30,1.0,0.02258469259723965,0,162,7011
20101231,At least USD 1bn,DEPUNA,680,680,32,2010-12-31,1.0,0.047058823529411764,0,32,648
20101231,At least USD 1bn,DEPUNINS,680,680,10,2010-12-31,1.0,0.014705882352941176,0,10,670
20101231,Below USD 1bn,DEPUNA,7067,6724,6447,2010-12-31,0.9514645535587944,0.9588042831647828,343,6447,277
20101231,Below USD 1bn,DEPUNINS,7067,7067,195,2010-12-31,1.0,0.027593038064242254,0,195,6872
20110331,At least USD 1bn,DEPUNA,683,683,27,2011-03-31,1.0,0.03953147877013177,0,27,656
20110331,At least USD 1bn,DEPUNINS,683,683,13,2011-03-31,1.0,0.01903367496339678,0,13,670
20110331,Below USD 1bn,DEPUNA,6980,6634,6367,2011-03-31,0.9504297994269341,0.9597527886644558,346,6367,267
20110331,Below USD 1bn,DEPUNINS,6980,6980,207,2011-03-31,1.0,0.02965616045845272,0,207,6773
20110630,At least USD 1bn,DEPUNA,680,680,32,2011-06-30,1.0,0.047058823529411764,0,32,648
20110630,At least USD 1bn,DEPUNINS,680,680,13,2011-06-30,1.0,0.01911764705882353,0,13,667
20110630,Below USD 1bn,DEPUNA,6921,6581,6315,2011-06-30,0.9508741511342291,0.9595806108494149,340,6315,266
20110630,Below USD 1bn,DEPUNINS,6921,6921,188,2011-06-30,1.0,0.027163704666955644,0,188,6733
20110930,At least USD 1bn,DEPUNA,679,679,35,2011-09-30,1.0,0.05154639175257732,0,35,644
20110930,At least USD 1bn,DEPUNINS,679,679,13,2011-09-30,1.0,0.01914580265095729,0,13,666
20110930,Below USD 1bn,DEPUNA,6844,6509,6251,2011-09-30,0.951052016364699,0.9603625748962974,335,6251,258
20110930,Below USD 1bn,DEPUNINS,6844,6844,186,2011-09-30,1.0,0.027177089421391,0,186,6658
20111231,At least USD 1bn,DEPUNA,668,668,35,2011-12-31,1.0,0.05239520958083832,0,35,633
20111231,At least USD 1bn,DEPUNINS,668,668,9,2011-12-31,1.0,0.01347305389221557,0,9,659
20111231,Below USD 1bn,DEPUNA,6775,6460,6220,2011-12-31,0.9535055350553505,0.9628482972136223,315,6220,240
20111231,Below USD 1bn,DEPUNINS,6775,6775,185,2011-12-31,1.0,0.02730627306273063,0,185,6590
20120331,At least USD 1bn,DEPUNA,675,675,28,2012-03-31,1.0,0.04148148148148148,0,28,647
20120331,At least USD 1bn,DEPUNINS,675,675,10,2012-03-31,1.0,0.014814814814814815,0,10,665
20120331,Below USD 1bn,DEPUNA,6719,6719,6679,2012-03-31,1.0,0.9940467331448132,0,6679,40
20120331,Below USD 1bn,DEPUNINS,6719,6719,148,2012-03-31,1.0,0.022027087364191098,0,148,6571
20120630,At least USD 1bn,DEPUNA,671,671,28,2012-06-30,1.0,0.041728763040238454,0,28,643
20120630,At least USD 1bn,DEPUNINS,671,671,11,2012-06-30,1.0,0.01639344262295082,0,11,660
20120630,Below USD 1bn,DEPUNA,6660,6660,6612,2012-06-30,1.0,0.9927927927927928,0,6612,48
20120630,Below USD 1bn,DEPUNINS,6660,6660,143,2012-06-30,1.0,0.021471471471471472,0,143,6517
20120930,At least USD 1bn,DEPUNA,671,671,36,2012-09-30,1.0,0.05365126676602087,0,36,635
20120930,At least USD 1bn,DEPUNINS,671,671,13,2012-09-30,1.0,0.019374068554396422,0,13,658
20120930,Below USD 1bn,DEPUNA,6595,6595,6543,2012-09-30,1.0,0.9921152388172858,0,6543,52
20120930,Below USD 1bn,DEPUNINS,6595,6595,143,2012-09-30,1.0,0.021683093252463988,0,143,6452
20121231,At least USD 1bn,DEPUNA,673,673,39,2012-12-31,1.0,0.05794947994056464,0,39,634
20121231,At least USD 1bn,DEPUNINS,673,673,12,2012-12-31,1.0,0.017830609212481426,0,12,661
20121231,Below USD 1bn,DEPUNA,6493,6493,6448,2012-12-31,1.0,0.9930694594178346,0,6448,45
20121231,Below USD 1bn,DEPUNINS,6493,6493,143,2012-12-31,1.0,0.0220237178499923,0,143,6350
20130331,At least USD 1bn,DEPUNA,674,674,30,2013-03-31,1.0,0.04451038575667656,0,30,644
20130331,At least USD 1bn,DEPUNINS,674,674,12,2013-03-31,1.0,0.017804154302670624,0,12,662
20130331,Below USD 1bn,DEPUNA,6427,6427,6378,2013-03-31,1.0,0.9923759141123386,0,6378,49
20130331,Below USD 1bn,DEPUNINS,6427,6427,96,2013-03-31,1.0,0.014936984596234635,0,96,6331
20130630,At least USD 1bn,DEPUNA,666,666,25,2013-06-30,1.0,0.03753753753753754,0,25,641
20130630,At least USD 1bn,DEPUNINS,666,666,9,2013-06-30,1.0,0.013513513513513514,0,9,657
20130630,Below USD 1bn,DEPUNA,6356,6356,6308,2013-06-30,1.0,0.9924480805538074,0,6308,48
20130630,Below USD 1bn,DEPUNINS,6356,6356,97,2013-06-30,1.0,0.01526117054751416,0,97,6259
20130930,At least USD 1bn,DEPUNA,681,681,38,2013-09-30,1.0,0.055800293685756244,0,38,643
20130930,At least USD 1bn,DEPUNINS,681,681,10,2013-09-30,1.0,0.014684287812041116,0,10,671
20130930,Below USD 1bn,DEPUNA,6291,6291,6246,2013-09-30,1.0,0.9928469241773963,0,6246,45
20130930,Below USD 1bn,DEPUNINS,6291,6291,96,2013-09-30,1.0,0.015259895088221268,0,96,6195
20131231,At least USD 1bn,DEPUNA,679,679,41,2013-12-31,1.0,0.060382916053019146,0,41,638
20131231,At least USD 1bn,DEPUNINS,679,679,10,2013-12-31,1.0,0.014727540500736377,0,10,669
20131231,Below USD 1bn,DEPUNA,6215,6215,6171,2013-12-31,1.0,0.9929203539823008,0,6171,44
20131231,Below USD 1bn,DEPUNINS,6215,6215,91,2013-12-31,1.0,0.014641995172968623,0,91,6124
20140331,At least USD 1bn,DEPUNA,683,683,32,2014-03-31,1.0,0.04685212298682284,0,32,651
20140331,At least USD 1bn,DEPUNINS,683,683,9,2014-03-31,1.0,0.013177159590043924,0,9,674
20140331,Below USD 1bn,DEPUNA,6129,6129,6085,2014-03-31,1.0,0.9928210148474466,0,6085,44
20140331,Below USD 1bn,DEPUNINS,6129,6129,100,2014-03-31,1.0,0.01631587534671235,0,100,6029
20140630,At least USD 1bn,DEPUNA,688,688,40,2014-06-30,1.0,0.05813953488372093,0,40,648
20140630,At least USD 1bn,DEPUNINS,688,688,10,2014-06-30,1.0,0.014534883720930232,0,10,678
20140630,Below USD 1bn,DEPUNA,6050,6050,6014,2014-06-30,1.0,0.9940495867768595,0,6014,36
20140630,Below USD 1bn,DEPUNINS,6050,6050,91,2014-06-30,1.0,0.015041322314049586,0,91,5959
20140930,At least USD 1bn,DEPUNA,696,696,52,2014-09-30,1.0,0.07471264367816093,0,52,644
20140930,At least USD 1bn,DEPUNINS,696,696,10,2014-09-30,1.0,0.014367816091954023,0,10,686
20140930,Below USD 1bn,DEPUNA,5972,5972,5937,2014-09-30,1.0,0.9941393168117884,0,5937,35
20140930,Below USD 1bn,DEPUNINS,5972,5972,89,2014-09-30,1.0,0.014902880107166777,0,89,5883
20141231,At least USD 1bn,DEPUNA,694,694,50,2014-12-31,1.0,0.07204610951008646,0,50,644
20141231,At least USD 1bn,DEPUNINS,694,694,10,2014-12-31,1.0,0.01440922190201729,0,10,684
20141231,Below USD 1bn,DEPUNA,5893,5893,5860,2014-12-31,1.0,0.9944001357542848,0,5860,33
20141231,Below USD 1bn,DEPUNINS,5893,5893,87,2014-12-31,1.0,0.014763278465976583,0,87,5806
20150331,At least USD 1bn,DEPUNA,707,707,36,2015-03-31,1.0,0.05091937765205092,0,36,671
20150331,At least USD 1bn,DEPUNINS,707,707,9,2015-03-31,1.0,0.01272984441301273,0,9,698
20150331,Below USD 1bn,DEPUNA,5789,5789,5759,2015-03-31,1.0,0.9948177578165486,0,5759,30
20150331,Below USD 1bn,DEPUNINS,5789,5789,90,2015-03-31,1.0,0.01554672655035412,0,90,5699
20150630,At least USD 1bn,DEPUNA,716,716,43,2015-06-30,1.0,0.06005586592178771,0,43,673
20150630,At least USD 1bn,DEPUNINS,716,716,9,2015-06-30,1.0,0.012569832402234637,0,9,707
20150630,Below USD 1bn,DEPUNA,5709,5709,5679,2015-06-30,1.0,0.9947451392538098,0,5679,30
20150630,Below USD 1bn,DEPUNINS,5709,5709,86,2015-06-30,1.0,0.015063934139078647,0,86,5623
20150930,At least USD 1bn,DEPUNA,719,719,47,2015-09-30,1.0,0.06536856745479833,0,47,672
20150930,At least USD 1bn,DEPUNINS,719,719,8,2015-09-30,1.0,0.011126564673157162,0,8,711
20150930,Below USD 1bn,DEPUNA,5626,5626,5598,2015-09-30,1.0,0.9950231070031994,0,5598,28
20150930,Below USD 1bn,DEPUNINS,5626,5626,82,2015-09-30,1.0,0.01457518663348738,0,82,5544
20151231,At least USD 1bn,DEPUNA,715,715,51,2015-12-31,1.0,0.07132867132867132,0,51,664
20151231,At least USD 1bn,DEPUNINS,715,715,8,2015-12-31,1.0,0.011188811188811189,0,8,707
20151231,Below USD 1bn,DEPUNA,5540,5540,5514,2015-12-31,1.0,0.9953068592057762,0,5514,26
20151231,Below USD 1bn,DEPUNINS,5540,5540,76,2015-12-31,1.0,0.013718411552346571,0,76,5464
20160331,At least USD 1bn,DEPUNA,739,739,39,2016-03-31,1.0,0.05277401894451962,0,39,700
20160331,At least USD 1bn,DEPUNINS,739,739,8,2016-03-31,1.0,0.010825439783491205,0,8,731
20160331,Below USD 1bn,DEPUNA,5454,5454,5430,2016-03-31,1.0,0.9955995599559956,0,5430,24
20160331,Below USD 1bn,DEPUNINS,5454,5454,75,2016-03-31,1.0,0.013751375137513752,0,75,5379
20160630,At least USD 1bn,DEPUNA,744,744,50,2016-06-30,1.0,0.06720430107526881,0,50,694
20160630,At least USD 1bn,DEPUNINS,744,744,7,2016-06-30,1.0,0.009408602150537635,0,7,737
20160630,Below USD 1bn,DEPUNA,5385,5385,5362,2016-06-30,1.0,0.9957288765088208,0,5362,23
20160630,Below USD 1bn,DEPUNINS,5385,5385,73,2016-06-30,1.0,0.013556174558960075,0,73,5312
20160930,At least USD 1bn,DEPUNA,749,749,61,2016-09-30,1.0,0.0814419225634179,0,61,688
20160930,At least USD 1bn,DEPUNINS,749,749,8,2016-09-30,1.0,0.010680907877169559,0,8,741
20160930,Below USD 1bn,DEPUNA,5302,5302,5279,2016-09-30,1.0,0.9956620143342135,0,5279,23
20160930,Below USD 1bn,DEPUNINS,5302,5302,72,2016-09-30,1.0,0.013579781214635987,0,72,5230
20161231,At least USD 1bn,DEPUNA,748,748,64,2016-12-31,1.0,0.0855614973262032,0,64,684
20161231,At least USD 1bn,DEPUNINS,748,748,8,2016-12-31,1.0,0.0106951871657754,0,8,740
20161231,Below USD 1bn,DEPUNA,5235,5235,5212,2016-12-31,1.0,0.9956064947468959,0,5212,23
20161231,Below USD 1bn,DEPUNINS,5235,5235,69,2016-12-31,1.0,0.013180515759312322,0,69,5166
20170331,At least USD 1bn,DEPUNA,764,759,35,2017-03-31,0.993455497382199,0.0461133069828722,5,35,724
20170331,At least USD 1bn,DEPUNINS,764,764,8,2017-03-31,1.0,0.010471204188481676,0,8,756
20170331,Below USD 1bn,DEPUNA,5161,1661,1650,2017-03-31,0.32183685332299944,0.9933774834437086,3500,1650,11
20170331,Below USD 1bn,DEPUNINS,5161,5161,74,2017-03-31,1.0,0.014338306529742297,0,74,5087
20170630,At least USD 1bn,DEPUNA,766,760,44,2017-06-30,0.9921671018276762,0.05789473684210526,6,44,716
20170630,At least USD 1bn,DEPUNINS,766,766,8,2017-06-30,1.0,0.010443864229765013,0,8,758
20170630,Below USD 1bn,DEPUNA,5090,1492,1482,2017-06-30,0.2931237721021611,0.9932975871313673,3598,1482,10
20170630,Below USD 1bn,DEPUNINS,5090,5090,68,2017-06-30,1.0,0.013359528487229863,0,68,5022
20170930,At least USD 1bn,DEPUNA,771,759,50,2017-09-30,0.9844357976653697,0.06587615283267458,12,50,709
20170930,At least USD 1bn,DEPUNINS,771,771,8,2017-09-30,1.0,0.010376134889753566,0,8,763
20170930,Below USD 1bn,DEPUNA,5035,1392,1383,2017-09-30,0.27646474677259186,0.9935344827586207,3643,1383,9
20170930,Below USD 1bn,DEPUNINS,5035,5035,71,2017-09-30,1.0,0.0141012909632572,0,71,4964
20171231,At least USD 1bn,DEPUNA,764,749,53,2017-12-31,0.9803664921465969,0.07076101468624833,15,53,696
20171231,At least USD 1bn,DEPUNINS,764,764,9,2017-12-31,1.0,0.011780104712041885,0,9,755
20171231,Below USD 1bn,DEPUNA,4974,1348,1340,2017-12-31,0.2710092480900684,0.9940652818991098,3626,1340,8
20171231,Below USD 1bn,DEPUNINS,4974,4974,70,2017-12-31,1.0,0.01407318053880177,0,70,4904
20180331,At least USD 1bn,DEPUNA,776,765,35,2018-03-31,0.9858247422680413,0.0457516339869281,11,35,730
20180331,At least USD 1bn,DEPUNINS,776,776,11,2018-03-31,1.0,0.014175257731958763,0,11,765
20180331,Below USD 1bn,DEPUNA,4898,1157,1150,2018-03-31,0.23621886484279297,0.9939498703543648,3741,1150,7
20180331,Below USD 1bn,DEPUNINS,4898,4898,67,2018-03-31,1.0,0.013679052674561045,0,67,4831
20180630,At least USD 1bn,DEPUNA,787,773,48,2018-06-30,0.9822109275730623,0.062095730918499355,14,48,725
20180630,At least USD 1bn,DEPUNINS,787,787,11,2018-06-30,1.0,0.01397712833545108,0,11,776
20180630,Below USD 1bn,DEPUNA,4823,1123,1116,2018-06-30,0.23284262906904415,0.993766696349065,3700,1116,7
20180630,Below USD 1bn,DEPUNINS,4823,4823,67,2018-06-30,1.0,0.01389176860874974,0,67,4756
20180930,At least USD 1bn,DEPUNA,789,770,55,2018-09-30,0.9759188846641318,0.07142857142857142,19,55,715
20180930,At least USD 1bn,DEPUNINS,789,789,11,2018-09-30,1.0,0.01394169835234474,0,11,778
20180930,Below USD 1bn,DEPUNA,4755,1106,1099,2018-09-30,0.23259726603575184,0.9936708860759493,3649,1099,7
20180930,Below USD 1bn,DEPUNINS,4755,4755,65,2018-09-30,1.0,0.013669821240799159,0,65,4690
20181231,At least USD 1bn,DEPUNA,791,769,53,2018-12-31,0.9721871049304678,0.06892067620286085,22,53,716
20181231,At least USD 1bn,DEPUNINS,791,791,10,2018-12-31,1.0,0.012642225031605562,0,10,781
20181231,Below USD 1bn,DEPUNA,4682,1080,1072,2018-12-31,0.23067065356685176,0.9925925925925926,3602,1072,8
20181231,Below USD 1bn,DEPUNINS,4682,4682,64,2018-12-31,1.0,0.013669372063220846,0,64,4618
20190331,At least USD 1bn,DEPUNA,804,786,31,2019-03-31,0.9776119402985075,0.039440203562340966,18,31,755
20190331,At least USD 1bn,DEPUNINS,804,804,9,2019-03-31,1.0,0.011194029850746268,0,9,795
20190331,Below USD 1bn,DEPUNA,4624,965,963,2019-03-31,0.20869377162629757,0.9979274611398964,3659,963,2
20190331,Below USD 1bn,DEPUNINS,4624,4624,65,2019-03-31,1.0,0.014057093425605537,0,65,4559
20190630,At least USD 1bn,DEPUNA,808,783,34,2019-06-30,0.969059405940594,0.04342273307790549,25,34,749
20190630,At least USD 1bn,DEPUNINS,808,808,9,2019-06-30,1.0,0.011138613861386138,0,9,799
20190630,Below USD 1bn,DEPUNA,4561,942,939,2019-06-30,0.20653365490024117,0.9968152866242038,3619,939,3
20190630,Below USD 1bn,DEPUNINS,4561,4561,63,2019-06-30,1.0,0.01381276035957027,0,63,4498
20190930,At least USD 1bn,DEPUNA,820,820,74,2019-09-30,1.0,0.09024390243902439,0,74,746
20190930,At least USD 1bn,DEPUNINS,820,820,10,2019-09-30,1.0,0.012195121951219513,0,10,810
20190930,Below USD 1bn,DEPUNA,4505,4505,4496,2019-09-30,1.0,0.9980022197558268,0,4496,9
20190930,Below USD 1bn,DEPUNINS,4505,4505,61,2019-09-30,1.0,0.013540510543840178,0,61,4444
20191231,At least USD 1bn,DEPUNA,812,812,71,2019-12-31,1.0,0.0874384236453202,0,71,741
20191231,At least USD 1bn,DEPUNINS,812,812,10,2019-12-31,1.0,0.012315270935960592,0,10,802
20191231,Below USD 1bn,DEPUNA,4432,4432,4429,2019-12-31,1.0,0.9993231046931408,0,4429,3
20191231,Below USD 1bn,DEPUNINS,4432,4432,66,2019-12-31,1.0,0.014891696750902527,0,66,4366
20200331,At least USD 1bn,DEPUNA,840,840,56,2020-03-31,1.0,0.06666666666666667,0,56,784
20200331,At least USD 1bn,DEPUNINS,840,840,9,2020-03-31,1.0,0.010714285714285714,0,9,831
20200331,Below USD 1bn,DEPUNA,4342,4342,4340,2020-03-31,1.0,0.9995393827729157,0,4340,2
20200331,Below USD 1bn,DEPUNINS,4342,4342,65,2020-03-31,1.0,0.014970059880239521,0,65,4277
20200630,At least USD 1bn,DEPUNA,918,918,139,2020-06-30,1.0,0.1514161220043573,0,139,779
20200630,At least USD 1bn,DEPUNINS,918,918,8,2020-06-30,1.0,0.008714596949891068,0,8,910
20200630,Below USD 1bn,DEPUNA,4213,4213,4212,2020-06-30,1.0,0.9997626394493235,0,4212,1
20200630,Below USD 1bn,DEPUNINS,4213,4213,63,2020-06-30,1.0,0.014953714692618086,0,63,4150
20200930,At least USD 1bn,DEPUNA,932,932,161,2020-09-30,1.0,0.17274678111587982,0,161,771
20200930,At least USD 1bn,DEPUNINS,932,932,8,2020-09-30,1.0,0.008583690987124463,0,8,924
20200930,Below USD 1bn,DEPUNA,4166,4166,4163,2020-09-30,1.0,0.999279884781565,0,4163,3
20200930,Below USD 1bn,DEPUNINS,4166,4166,63,2020-09-30,1.0,0.015122419587133942,0,63,4103
20201231,At least USD 1bn,DEPUNA,942,942,171,2020-12-31,1.0,0.18152866242038215,0,171,771
20201231,At least USD 1bn,DEPUNINS,942,942,8,2020-12-31,1.0,0.008492569002123142,0,8,934
20201231,Below USD 1bn,DEPUNA,4125,4125,4121,2020-12-31,1.0,0.999030303030303,0,4121,4
20201231,Below USD 1bn,DEPUNINS,4125,4125,62,2020-12-31,1.0,0.015030303030303031,0,62,4063
20210331,At least USD 1bn,DEPUNA,979,979,195,2021-03-31,1.0,0.19918283963227784,0,195,784
20210331,At least USD 1bn,DEPUNINS,979,979,8,2021-03-31,1.0,0.008171603677221655,0,8,971
20210331,Below USD 1bn,DEPUNA,4065,4065,4063,2021-03-31,1.0,0.9995079950799508,0,4063,2
20210331,Below USD 1bn,DEPUNINS,4065,4065,61,2021-03-31,1.0,0.015006150061500615,0,61,4004
20210630,At least USD 1bn,DEPUNA,992,992,210,2021-06-30,1.0,0.21169354838709678,0,210,782
20210630,At least USD 1bn,DEPUNINS,992,992,8,2021-06-30,1.0,0.008064516129032258,0,8,984
20210630,Below USD 1bn,DEPUNA,4023,4023,4020,2021-06-30,1.0,0.9992542878448919,0,4020,3
20210630,Below USD 1bn,DEPUNINS,4023,4023,60,2021-06-30,1.0,0.014914243102162566,0,60,3963
20210930,At least USD 1bn,DEPUNA,1011,1011,233,2021-09-30,1.0,0.2304648862512364,0,233,778
20210930,At least USD 1bn,DEPUNINS,1011,1011,9,2021-09-30,1.0,0.008902077151335312,0,9,1002
20210930,Below USD 1bn,DEPUNA,3968,3968,3967,2021-09-30,1.0,0.9997479838709677,0,3967,1
20210930,Below USD 1bn,DEPUNINS,3968,3968,59,2021-09-30,1.0,0.014868951612903226,0,59,3909
20211231,At least USD 1bn,DEPUNA,990,990,229,2021-12-31,1.0,0.2313131313131313,0,229,761
20211231,At least USD 1bn,DEPUNINS,990,990,9,2021-12-31,1.0,0.00909090909090909,0,9,981
20211231,Below USD 1bn,DEPUNA,3914,3914,3913,2021-12-31,1.0,0.9997445068983137,0,3913,1
20211231,Below USD 1bn,DEPUNINS,3914,3914,59,2021-12-31,1.0,0.015074092999489013,0,59,3855
20220331,At least USD 1bn,DEPUNA,1003,1003,69,2022-03-31,1.0,0.06879361914257229,0,69,934
20220331,At least USD 1bn,DEPUNINS,1003,1003,10,2022-03-31,1.0,0.009970089730807577,0,10,993
20220331,Below USD 1bn,DEPUNA,3858,3858,3850,2022-03-31,1.0,0.997926386728875,0,3850,8
20220331,Below USD 1bn,DEPUNINS,3858,3858,59,2022-03-31,1.0,0.015292897874546397,0,59,3799
20220630,At least USD 1bn,DEPUNA,994,994,74,2022-06-30,1.0,0.0744466800804829,0,74,920
20220630,At least USD 1bn,DEPUNINS,994,994,10,2022-06-30,1.0,0.01006036217303823,0,10,984
20220630,Below USD 1bn,DEPUNA,3844,3844,3830,2022-06-30,1.0,0.9963579604578564,0,3830,14
20220630,Below USD 1bn,DEPUNINS,3844,3844,61,2022-06-30,1.0,0.01586888657648283,0,61,3783
20220930,At least USD 1bn,DEPUNA,1005,1005,88,2022-09-30,1.0,0.08756218905472637,0,88,917
20220930,At least USD 1bn,DEPUNINS,1005,1005,11,2022-09-30,1.0,0.010945273631840797,0,11,994
20220930,Below USD 1bn,DEPUNA,3808,3808,3795,2022-09-30,1.0,0.9965861344537815,0,3795,13
20220930,Below USD 1bn,DEPUNINS,3808,3808,60,2022-09-30,1.0,0.015756302521008403,0,60,3748
20221231,At least USD 1bn,DEPUNA,999,999,87,2022-12-31,1.0,0.08708708708708708,0,87,912
20221231,At least USD 1bn,DEPUNINS,999,999,11,2022-12-31,1.0,0.011011011011011011,0,11,988
20221231,Below USD 1bn,DEPUNA,3774,3774,3760,2022-12-31,1.0,0.9962904080551139,0,3760,14
20221231,Below USD 1bn,DEPUNINS,3774,3774,60,2022-12-31,1.0,0.01589825119236884,0,60,3714
20230331,At least USD 1bn,DEPUNA,1007,1007,56,2023-03-31,1.0,0.05561072492552135,0,56,951
20230331,At least USD 1bn,DEPUNINS,1007,1007,11,2023-03-31,1.0,0.010923535253227408,0,11,996
20230331,Below USD 1bn,DEPUNA,3733,3733,3717,2023-03-31,1.0,0.995713903027056,0,3717,16
20230331,Below USD 1bn,DEPUNINS,3733,3733,58,2023-03-31,1.0,0.015537101526922047,0,58,3675
20230630,At least USD 1bn,DEPUNA,1010,1010,66,2023-06-30,1.0,0.06534653465346535,0,66,944
20230630,At least USD 1bn,DEPUNINS,1010,1010,11,2023-06-30,1.0,0.01089108910891089,0,11,999
20230630,Below USD 1bn,DEPUNA,3704,3704,3688,2023-06-30,1.0,0.9956803455723542,0,3688,16
20230630,Below USD 1bn,DEPUNINS,3704,3704,59,2023-06-30,1.0,0.015928725701943845,0,59,3645
20230930,At least USD 1bn,DEPUNA,1016,1016,74,2023-09-30,1.0,0.07283464566929133,0,74,942
20230930,At least USD 1bn,DEPUNINS,1016,1016,10,2023-09-30,1.0,0.00984251968503937,0,10,1006
20230930,Below USD 1bn,DEPUNA,3670,3670,3656,2023-09-30,1.0,0.9961852861035423,0,3656,14
20230930,Below USD 1bn,DEPUNINS,3670,3670,61,2023-09-30,1.0,0.01662125340599455,0,61,3609
20231231,At least USD 1bn,DEPUNA,1007,1007,67,2023-12-31,1.0,0.06653426017874876,0,67,940
20231231,At least USD 1bn,DEPUNINS,1007,1007,10,2023-12-31,1.0,0.009930486593843098,0,10,997
20231231,Below USD 1bn,DEPUNA,3651,3651,3639,2023-12-31,1.0,0.9967132292522597,0,3639,12
20231231,Below USD 1bn,DEPUNINS,3651,3651,61,2023-12-31,1.0,0.016707751301013422,0,61,3590
20240331,At least USD 1bn,DEPUNA,1041,1041,54,2024-03-31,1.0,0.05187319884726225,0,54,987
20240331,At least USD 1bn,DEPUNINS,1041,1041,10,2024-03-31,1.0,0.009606147934678195,0,10,1031
20240331,Below USD 1bn,DEPUNA,3599,3599,3592,2024-03-31,1.0,0.9980550152820228,0,3592,7
20240331,Below USD 1bn,DEPUNINS,3599,3599,63,2024-03-31,1.0,0.017504862461794942,0,63,3536
20240630,At least USD 1bn,DEPUNA,1040,1040,56,2024-06-30,1.0,0.05384615384615385,0,56,984
20240630,At least USD 1bn,DEPUNINS,1040,1040,10,2024-06-30,1.0,0.009615384615384616,0,10,1030
20240630,Below USD 1bn,DEPUNA,3570,3570,3562,2024-06-30,1.0,0.9977591036414566,0,3562,8
20240630,Below USD 1bn,DEPUNINS,3570,3570,62,2024-06-30,1.0,0.017366946778711485,0,62,3508
20240930,At least USD 1bn,DEPUNA,1046,1046,69,2024-09-30,1.0,0.06596558317399617,0,69,977
20240930,At least USD 1bn,DEPUNINS,1046,1046,10,2024-09-30,1.0,0.009560229445506692,0,10,1036
20240930,Below USD 1bn,DEPUNA,3543,3543,3538,2024-09-30,1.0,0.9985887665819927,0,3538,5
20240930,Below USD 1bn,DEPUNINS,3543,3543,60,2024-09-30,1.0,0.01693480101608806,0,60,3483
20241231,At least USD 1bn,DEPUNA,1034,1034,59,2024-12-31,1.0,0.05705996131528046,0,59,975
20241231,At least USD 1bn,DEPUNINS,1034,1034,10,2024-12-31,1.0,0.009671179883945842,0,10,1024
20241231,Below USD 1bn,DEPUNA,3526,3526,3516,2024-12-31,1.0,0.9971639251276234,0,3516,10
20241231,Below USD 1bn,DEPUNINS,3526,3526,64,2024-12-31,1.0,0.018150879183210438,0,64,3462
